Country Name,Country Code,1970,1971,1972,1973,1974,1975,1976,1977,1978,1979,1980,1981,1982,1983,1984,1985,1986,1987,1988,1989,1990,1991,1992,1993,1994,1995,1996,1997,1998,1999,2000,2001,2002,2003,2004,2005,2006,2007,2008,2009,2010,2011,2012,2013,2014,2015,2016,2017,2018
Aruba,ABW,,,,,,,,,,,,,,,,,,,,,,,,,,,,,,101.6191177,97.14286041,94.40406799,94.75524139,90.21591949,90.55989838,88.19796753,93.18611908,95.58824158,95.13303375,96.2425766,94.78610229,,,96.57064056,101.1805573,,,,
Afghanistan,AFG,,,,,16.79457092,,,18.04920006,19.83513069,,26.6191597,33.06739044,,,18.20004082,18.90908051,,,,,,,,29.06965065,,,,,,,,,,,,,,,,,,,,,,,,,
Angola,AGO,,,,,,,,,,,,41.09704971,36.05376816,,,,,,,,,28.55529976,,,,,,,,,,,,,,,,,39.27019119,38.83917999,39.80641937,46.08610916,,,,,,,
Albania,ALB,,,,,,,,,,,,,,,,,,,,,,,,,,,92.02439117,,,,97.07321167,96.88066101,,94.90242767,93.87088013,,,96.62909698,92.83022308,91.51228333,89.23734283,93.27700806,98.91169739,90.97441101,105.002121,104.4681931,105.6041031,106.7322922,
Andorra,AND,,,,,,,,,,,,,,,,,,,,,,,,,,,,,,,,,,,,,,,,,,,,,,,,,
Arab World,ARB,49.69469833,49.61061096,49.2213707,50.70793152,52.15216064,55.05638123,56.59075165,58.59352112,57.90307999,53.6986618,56.69319153,60.05550003,60.77613068,61.92502975,64.24416351,68.24465942,67.29387665,67.16340637,67.54724884,67.66310883,68.91236877,68.87973022,69.61591339,69.79498291,70.59632111,71.59275818,72.59832764,73.39940643,74.34024048,75.26448059,74.81661987,75.9484024,76.85677338,79.3291626,81.26309204,82.12270355,80.57208252,82.61856842,84.81434631,83.49507141,85.27577972,85.90081787,87.21676636,84.70348358,85.25569916,84.70375824,84.07993317,84.26708221,
United Arab Emirates,ARE,,,,,39.08800125,41.20806885,48.78445816,55.89371109,59.73070908,64.61904907,66.98539734,71.11978149,80.47975922,79.88307953,76.88124084,73.02931976,74.63995361,75.08940125,73.46869659,80.83627319,89.60273743,96.03875732,94.51808167,92.03414154,90.80233002,88.81562805,84.85301208,86.83647156,84.43131256,83.09340668,79.81954193,76.23123932,80.13654327,,,,,97.16235352,,,,,95.0061264,96.98741913,100.7422104,105.1860886,,,
Argentina,ARG,70.72267151,71.57396698,,,75.31337738,78.72013855,78.63938141,,,,,,,,,,,,,,,,,,98.6809082,,93.6188736,92.18071747,100.0865173,98.21764374,98.49373627,98.08648682,102.0307236,99.9238205,98.56285858,96.68479156,99.1332016,101.8526001,105.0634995,104.9859467,104.8095322,104.4237137,103.231369,100.8828888,101.8107605,101.4801865,102.4454803,,
Armenia,ARM,,,,,,,,,,,,,,,,,,,,,,,,,108.2638016,,,93.89550018,,,,,93.70738983,89.27275848,100.0474701,92.69158173,93.81121063,102.0671387,105.7900238,,94.49523163,93.80896759,93.89839935,,96.64122009,94.36654663,90.38732147,91.61158752,
American Samoa,ASM,,,,,,,,,,,,,,,,,,,,,,,,,,,,,,,,,,,,,,,,,,,,,,,,,
Antigua and Barbuda,ATG,,,,,,78.4258194,77.71588135,,,,,,,,,,,,,,,,83.78588104,,,,,,,,,,,,,,,,95.27696991,88.08560181,93.78237915,91.06112671,,,92.81083679,76.87277222,,81.80168915,
Australia,AUS,,,,,,,,,,,,,,,,,,,,,,,,,,,,,,,,,,,,,,,,,,,,,,,,,
Austria,AUT,,94.99665833,96.87254333,97.06210327,,,,,,,,,,,,,,,,,,,,,,,,,100.917717,100.8748779,,,100.2221985,,98.74430084,,,,,,,96.77201843,96.62232208,97.4384079,98.45986176,100.1809998,99.65672302,,
Azerbaijan,AZE,,,,,,,,,,,,,,,,,,,,,,,,99.44946289,93.98861694,91.50956726,82.40271759,99.47010803,95.40026093,92.17310333,89.51351166,95.1685791,97.58601379,92.69615173,95.59542847,93.43061829,91.6054306,98.13037109,90.73683167,91.77172089,89.51445007,92.80683136,91.99118805,88.08940887,98.12570953,103.2802124,111.3019104,107.1721725,
Burundi,BDI,,5.824570179,,10.82767963,10.97066975,11.6764698,10.94462013,11.2140398,11.28722,11.47471046,11.73274994,12.08743,14.48925972,19.80545044,27.24201012,28.54611015,29.66596985,29.18305969,40.12094879,33.97499084,41.88653183,46.41981125,49.64768982,53.11211014,,,,,,,24.92617035,25.3531208,25.85552979,30.42914009,32.72386932,34.94944,,39.50059891,42.34246063,49.0030899,52.08395004,56.9744606,63.9414711,72.20919037,71.32176971,66.42690277,69.79503632,70.35003662,
Belgium,BEL,,,,,67.98803711,69.6011734,70.51772308,72.43759155,74.49121094,67.96523285,68.04033661,74.23993683,76.79476166,71.67523956,75.10009003,73.31642914,72.09044647,71.35022736,73.08248138,,,79.33482361,,,,,,,,,,,,,,,,,,,,,,,,,,,
Benin,BEN,,18.20833015,21.27856064,21.73354912,20.57695007,25.2224102,25.13121986,24.51638031,26.68091011,28.04578972,29.93704033,31.0934391,33.60303116,36.39559937,29.75930977,33.74224091,30.75686073,29.67449951,27.33658028,27.02061081,18.79125023,21.38610077,21.65839005,23.79171944,25.7407608,30.25149918,32.3626709,34.78396988,37.52402115,,37.80432892,41.67731857,43.78899002,48.11962891,51.87131882,,,,63.67050171,,66.71160889,71.6880188,73.04138184,78.60623932,79.45533752,81.14125824,80.74555969,,
Burkina Faso,BFA,,7.195720196,6.792620182,7.037759781,6.79652977,7.626100063,7.553160191,8.557439804,8.742630005,9.560799599,9.324469566,10.29990959,10.54666042,11.30795956,12.30673981,13.90581989,,15.82594013,16.91584015,16.58723068,19.49580002,19.95185089,26.68046951,26.24488068,27.11621094,18.59445953,22.57243919,,,23.46804047,25.42222023,26.67761993,27.48546982,29.11165047,30.42653084,31.7365799,32.80561829,34.97426987,38.86925888,43.91450882,47.05522156,,57.36603165,62.34418869,60.84962845,62.02993011,61.72433853,63.51908875,
Bangladesh,BGD,,,,,,,43.26662827,31.59358025,,,,28.48988914,,,,,,,,45.63055038,,,,,,,,,,,,,,,,64.26167297,,,57.1679306,63.35509872,65.58007813,,,,,,,118.5520401,
Bulgaria,BGR,,96.87451935,97.46988678,96.94503021,102.3355103,93.29412842,93.76828003,91.17984772,92.02787781,102.4205399,103.4151688,100.2391891,96.54852295,93.68314362,99.46343994,110.2169418,99.52626038,102.7070007,102.4799271,101.4153595,99.10794067,89.23728943,87.50994873,85.99205017,88.21006775,87.88852692,90.35150909,94.48644257,93.96299744,96.08090973,96.16507721,101.756958,96.56478882,97.79367828,98.6463623,98.64250183,99.2857132,101.2530136,95.0979538,101.6857681,113.3530502,110.2471771,101.9401093,99.16464996,98.44125366,97.51863861,94.63205719,,
Bahrain,BHR,,,,,,,,,,,,,93.01699829,89.71205139,91.1469574,93.62425232,90.69026947,92.79666138,99.65444946,105.0918198,,102.9817505,100.8928604,99.66449738,94.57148743,93.93595886,92.05882263,,94.39054108,100.3853912,98.78814697,96.67662811,100.5331802,100.1033096,102.0471191,101.6284485,,,,,,89.47138214,93.21469116,94.44687653,96.60569763,98.7109375,99.51364899,100.8838425,
"Bahamas, The",BHS,,,,,,,,,,,,,,,,,,,,,,,,,86.3110199,,,,,82.31935883,,,,,,106.7020874,103.7901382,105.2119522,101.1567688,99.94811249,93.11499023,,,,,,98.74376678,,
Bosnia and Herzegovina,BIH,,,,,,,,,,,,,,,,,,,,,,,,,,,,,,,,,,,,,,,,,,,,,,,,,
Belarus,BLR,,101.9010162,101.0775986,104.1296082,99.45606995,98.40596771,97.45731354,96.19828796,98.80654907,98.85561371,100.0557404,99.76434326,99.53153229,99.67054749,99.41468048,98.22605896,98.46469116,,,,94.5044632,94.20622253,89.58397675,95.9837265,97.8513031,95.52416992,95.10314941,95.28128052,,98.12522125,101.6339035,106.018959,131.7973785,102.5166702,102.0629196,98.24601746,97.04593658,95.73657227,98.54519653,105.2223892,106.2776794,107.1416931,103.3216324,99.57215881,98.21012878,96.75592804,97.35472107,100.8925476,
Belize,BLZ,,,,,,,,,,,,,,,,,,,,,,,93.92243958,,,89.16446686,95.67038727,,,98.93544006,100.0334091,100.8180923,,97.27327728,97.69422913,98.51152039,97.52192688,99.06198883,94.95664215,99.73687744,100.78125,104.0056915,108.0991287,101.7245789,102.1257782,104.4042816,105.6774216,103.0243835,
Bermuda,BMU,,,,,,72.16940308,,,,,,,,,,,,,,,,,,,,,,,,,,96.69420624,102.5240402,100.3667526,95.39801025,95.36341095,93.64089966,,,,99.8757782,90.70632172,87.79284668,88.94348907,79.31034088,81.19551849,,,
Bolivia,BOL,,,,,,,,,,,,,,,,,,,,,,,,,,,,,,,,,,,,,,,,,,97.77040863,98.7399826,96.0115509,92.40763855,90.46405029,91.31645203,92.86688995,
Brazil,BRA,,,,,,,,,,,,,,,,,,,,,,,,,,,,,,,,112.2296066,114.1994324,109.3666077,100.6846466,,,,,,,,,,,,,,
Barbados,BRB,,,,,,,,,,,,,,,,,,,,,,,,,,,,,,94.90099335,98.39069366,106.1008606,103.5035782,106.6369476,97.68483734,91.67086029,93.93862152,92.29971313,94.60025787,95.74748993,95.61657715,98.21896362,,,,,,,
Brunei Darussalam,BRN,,,105.9793167,105.650177,111.1842117,98.00518036,110.1504669,103.8211823,101.515892,100.5480118,89.50389862,90.8033371,80.804039,82.80808258,57.22351837,,123.6335907,,,,,98.54566193,99.71206665,98.21176147,101.0311127,99.27599335,,109.2025528,115.2555771,116.610527,114.8081512,121.6761322,117.5329514,119.9912262,111.2814636,107.3593063,107.6856613,107.4910736,105.3637085,101.9778366,105.3538895,110.9297409,106.9931107,106.1085281,100.1322632,102.0652466,,106.5220795,
Bhutan,BTN,,,,,,,5.466569901,5.82859993,8.505399704,9.357629776,,,,,,,,,19.12873077,,,,,24.11380005,28.55047989,,,,45.79888916,48.99689102,49.50093842,50.43721008,,,60.35945892,66.43448639,71.36739349,72.78608704,78.40036011,80.54728699,86.73383331,88.0969696,97.69799042,95.20152283,94.74519348,,97.41589355,95.11670685,
Botswana,BWA,36.75611115,41.76187897,48.34695816,52.7694397,55.77521133,52.80643082,47.36437988,43.83063889,50.65412903,62.87680054,67.44730377,77.32810211,80.65630341,73.01486969,75.46547699,80.59609222,89.98766327,91.90763092,88.71101379,86.02601624,88.32362366,88.78289032,89.28067017,88.39832306,92.64759827,89.02490234,91.56375885,,94.06529236,92.94246674,93.73610687,96.36115265,97.32318878,97.06630707,96.61396027,96.28845978,99.74912262,96.13079834,97.04065704,98.10179138,,,100.8900681,101.9577179,,,,,
Central African Republic,CAF,,27.3316803,25.73756981,31.94161987,28.24357986,35.78131866,30.73302078,32.47462845,40.11841965,,,30.11981964,29.77952003,26.57859039,,,37.34767151,27.73554039,28.78207016,28.34104919,30.10823059,27.91325951,22.43461037,,,,,,,,,,,,23.66221046,25.94951057,26.05537987,,35.05310822,37.60858917,39.7639389,41.58089828,43.73009872,,,,42.15803146,,
Canada,CAN,,,,,,,,,,,,,,,,,,,,,,,,,,,,,94.15110779,95.6186676,97.3035202,,,,,,,,,,,,,,,,,,
Central Europe and the Baltics,CEB,92.45944977,92.49623108,91.98560333,91.96035767,94.18434143,94.11238098,95.04985809,94.7848587,94.54538727,94.35220337,94.0267868,92.90705109,92.48696136,92.69052887,93.57235718,96.11424255,94.86537933,95.01972198,94.7348938,94.3927536,93.06301117,90.76528931,90.79360199,91.16722107,91.58843994,92.28661346,94.75113678,96.8478775,96.45668793,96.03209686,96.25646973,97.69930267,96.95549011,97.65953064,98.75698853,97.56291199,96.22370148,95.56655884,94.5394516,95.42266083,96.85764313,97.20526123,96.12612152,96.55802155,96.2845993,97.08200073,96.98332977,96.99442291,
Switzerland,CHE,,,,,,,,52.70592117,59.78227997,57.56407166,56.15332031,51.9966507,51.69939041,52.03974915,51.2066803,50.69710922,49.85044861,49.41849899,48.47692108,49.87874985,51.25817871,53.62751007,55.17293167,61.18014145,62.22729874,,72.85516357,,,95.22664642,96.2784729,97.65062714,97.88513184,98.0931015,99.05979156,96.60105896,93.58760834,93.03199768,94.08937073,95.80027008,95.90155792,96.37577057,97.13829041,96.59358215,95.32805634,95.53907013,96.61219025,,
Channel Islands,CHI,,,,,,,,,,,,,,,,,,,,,,,,,,,,,,,,,,,,,,,,,,,,,,,,,
Chile,CHL,81.92727661,89.55921173,93.94233704,94.96853638,92.82276917,92.44915009,93.41911316,89.8192215,,,,,,97.12236786,,,,,,,,,,,,,,,,,,,,,,,,,,,,94.26261139,96.46617889,95.55191803,95.33039093,93.7303009,92.77760315,92.80403137,
China,CHN,,,,,,,,,,,,,,,,,,,,101.8959579,102.6747513,103.4747314,99.06450653,100.2641602,102.0130997,96.96829987,91.84362793,89.8559494,,,,,,,,,89.14128113,94.08483124,103.2322083,105.6682892,106.3222504,103.5986786,,99.88661957,,,,,
Cote d'Ivoire,CIV,,,,38.02410889,38.4489212,42.39624023,46.09469986,49.29492188,49.93778992,51.78287888,54.34677887,58.04418945,,55.37353897,53.78863907,46.11368179,46.86856842,46.25527954,46.58895874,43.56066895,41.47623062,45.20635986,41.1637001,42.38520813,42.30236053,40.8633194,42.19279099,39.67538834,39.77299118,42.66936111,43.22240067,49.28322983,,,,,44.20243835,45.23843002,,46.11484909,,53.78416824,55.30765915,54.31433105,56.18912125,62.1322403,65.91207886,73.06787872,
Cameroon,CMR,,,,48.51881027,47.96139145,50.05677032,51.62459946,52.63080978,63.2817688,53.46072006,51.7259407,51.90441132,50.95635986,51.14775085,52.78969955,54.20521927,54.50799179,56.15245056,55.81443024,,56.97853088,55.70544815,,,,,,,,49.49925995,50.58943176,,,57.9890213,60.03144836,,52.16893005,55.53406143,71.8057785,71.53803253,73.58618927,72.63963318,76.29271698,,74.79705048,76.22255707,75.4213028,70.08033752,
"Congo, Dem. Rep.",COD,,41.38787842,43.55192184,,,,53.83832169,56.76372147,60.32234955,,59.91730118,62.08631897,64.59205627,66.99987793,69.32608795,,,,50.40956879,,,52.33465958,48.65964127,56.12353134,47.35750961,,,,,34.89141083,,,42.73933029,,,,,55.47850037,60.55133057,63.15652847,63.68167114,65.61437988,70.9484024,69.81462097,,69.95410156,,,
"Congo, Rep.",COG,,55.71559143,59.23065948,68.66803741,56.82406998,66.25108337,68.63912964,71.41976929,71.77420807,78.62536621,79.54595947,77.85391235,77.16314697,70.87151337,73.98935699,71.35405731,72.38435364,72.85674286,73.3299408,67.65625,58.80952072,54.36378098,61.58240891,63.00191879,53.59833908,,48.97301102,,,31.18338013,,56.24171829,59.09970093,55.80591965,80.33338928,70.01721954,75.80953217,73.95278931,68.58699799,67.56606293,67.3862915,73.70126343,70.30071259,,,,,,
Colombia,COL,47.63610077,50.90942001,51.58871078,54.63404846,55.13819885,,,,,,,,69.28217316,72.52274323,72.98931122,67.21334076,69.97119904,69.46875763,68.64424896,68.05699158,71.68119812,70.57675934,78.64837646,79.39189148,79.21365356,83.4421463,85.19361115,,92.20902252,94.35302734,94.98593903,92.97807312,94.11946106,,103.5207367,108.41745,115.7474518,118.5674896,119.1849213,124.1054611,122.4401474,119.9354782,113.1915283,102.1082916,100.6018066,100.466423,101.3939285,105.0309067,
Comoros,COM,,,,,,,,,,,,60.67084885,,,,,68.15029907,54.998909,,,,,45.61885071,40.11248016,48.32477951,,,,,49.1339798,,,58.13922119,57.26398849,61.90851974,,,64.08011627,73.32299805,,,,,74.69879913,77.67991638,,,76.72007751,
Cabo Verde,CPV,,,,,10.24057961,12.56632996,19.17791939,14.16831017,13.7479496,13.51508999,16.96261978,27.38109016,24.86866951,22.17365074,31.16433907,32.67948914,36.05096054,40.4468689,46.20412064,,59.5592804,,,,75.33956146,,,,100.1539536,,104.5608063,98.05832672,99.41381073,100.2933502,98.33731079,83.88751221,96.18869781,90.75850677,96.42797852,91.52584839,93.67616272,88.5719223,89.85746765,85.0043869,87.82022858,89.09741211,85.34111023,80.83017731,
Costa Rica,CRI,76.48776245,76.72573853,86.36865997,90.31842804,88.93226624,86.63398743,81.92198181,89.02445221,85.621521,82.86776733,83.46024323,87.11617279,87.77172089,81.60788727,74.92112732,78.14954376,78.68406677,75.86148834,76.23660278,75.64157104,75.0598526,79.76425171,81.80667114,83.72750854,82.46382141,81.76579285,83.92414093,,,86.56072998,92.11181641,94.77645874,96.69087982,,96.46250153,95.44036865,91.70082092,93.73182678,95.05980682,98.13117981,99.36927032,104.5382538,102.6313019,98.96479797,98.73825836,99.46630859,96.44022369,,
Caribbean small states,CSS,,,,,,89.75743866,89.30667877,91.33792114,90.93209076,92.37519836,89.9813385,91.11238861,92.35700989,91.58567047,91.34513092,88.94242859,89.60671997,91.33247375,92.4451828,94.39363861,94.9969635,93.92008972,93.19004822,91.83532715,90.04202271,88.2110672,87.98085022,88.77658081,90.58673859,92.30341339,91.22421265,86.20562744,87.79810333,87.32073975,89.31800079,89.85991669,90.79657745,90.45664978,91.18708038,92.36669922,91.29953003,92.13050079,92.56867218,92.28868103,,,,,
Cuba,CUB,,64.91326904,58.36621857,65.51316071,75.48842621,79.63410187,93.69410706,111.3393936,119.567627,114.3920364,105.8448563,96.94078827,87.15940857,95.86826324,100.5117798,97.43560791,94.29141998,97.18808746,95.31640625,96.21209717,93.87615967,94.15100098,86.6363678,83.79512024,96.5406189,96.93306732,97.50993347,,,94.59030914,96.27993774,95.94342804,100.8580322,96.19924927,93.07576752,93.44020081,91.70024109,91.92276001,88.06213379,96.05567169,96.42297363,97.81887054,96.87397766,95.85269928,100.3057327,99.3397522,94.96257782,91.58872986,
Curacao,CUW,,,,,,,,,,,,,,,,,,,,,,,,,,,,,,,,,,,,,,,,,,,,,,,,,
Cayman Islands,CYM,,,,,,,,,,,,,,,,,,,,,,,,,,,,,,,,,,,,,,,,,,,,,,,,,
Cyprus,CYP,,87.75524902,87.3842392,84.59438324,86.59137726,79.12229919,78.65077209,72.2392807,77.63687897,83.59600067,73.07263947,89.33345032,77.81578827,78.4054718,76.00437927,58.13022995,61.31048965,68.53172302,78.93495178,78.21711731,78.59986115,83.3319397,82.68611145,100.7670135,104.2388763,99.69097137,97.15772247,98.86196899,,100.7185516,97.65950012,98.0424881,100.450119,101.184639,87.55182648,100.0818024,101.1462097,99.95162964,100.2462082,103.160408,99.31649017,101.7331009,100.0641403,98.3320694,99.82537842,96.81906128,,,
Czech Republic,CZE,,,,,,,,,,,,,,,,,,,,,,,,96.68615723,103.8433075,104.5514908,108.6319885,,,99.46186066,99.34426117,99.44397736,104.0115433,99.17752838,99.77789307,98.93572998,93.8964386,95.59893799,98.51065063,103.529213,106.4605103,103.7556,100.969162,99.71575928,98.10523224,96.03790283,97.09179688,,
Germany,DEU,,,,,,,,,,,,,,,,,,,,,,,,100.0440979,96.41874695,95.88124084,96.41223907,98.55899811,,101.2168274,104.1218719,105.6000824,101.5092392,100.5509033,99.36348724,96.78514862,98.40588379,103.4492188,101.8990936,102.3084412,101.9459991,101.5088501,99.28614807,99.61107635,98.81082916,100.4825592,99.24214172,,
Djibouti,DJI,,,20.3812294,20.44887924,20.19652939,20.40973091,19.06675911,,,,,,,,,,26.25856972,29.08725929,27.41120911,30.51025963,28.51501083,24.49827003,27.52529907,24.70535088,27.87882996,30.15398979,27.61916924,24.83950043,,23.43582916,26.69132042,26.41596031,,,,33.61700058,38.25157166,,43.34754944,,,47.00370026,,46.7878418,55.26713181,60.26676941,61.63698959,57.45436096,60.45391083
Dominica,DMA,,,,,,,,,,,,,,,,,,,100.6787262,,,,,,,,,,,122.9646683,118.9668503,119.8964462,104.6263275,100.2773895,102.5727768,102.1418991,92.38613129,93.97162628,89.34911346,85.25096893,82.59108734,92.51064301,103.9604034,102.6641312,106.6465302,111.1111069,117.8764877,,
Denmark,DNK,,95.60694885,92.4930191,93.83872986,92.67746735,94.18850708,101.2781296,100.748909,108.111351,109.4211578,102.2289886,93.27626801,91.28051758,92.17610168,97.77243805,99.98390961,97.04543304,98.41899109,102.3384781,97.65247345,95.36968231,97.75566101,97.01695251,99.28283691,96.84340668,,,,101.6276932,101.4497833,100.1467819,101.3587875,105.4157715,,100.6575775,100.3595734,102.0396576,101.7559204,100.9691467,97.97161865,99.11849976,99.62966919,98.2613678,99.28279114,98.78085327,98.74250793,103.8826904,,
Dominican Republic,DOM,,34.55995178,,,,,,,,,,52.35597992,,,,,,,,,,,,,62.50823975,,,,,73.22202301,78.8188324,,92.23330688,,88.62722015,,85.80622101,92.68309784,,93.84940338,92.69573975,93.07073975,93.52136993,94.2355423,95.26004791,99.52607727,99.15802765,95.32808685,
Algeria,DZA,,,41.31341934,43.27804184,45.64691925,51.24160004,57.37762833,60.53847122,63.15657043,63.01560974,62.53660965,66.4061203,67.80983734,70.23853302,74.53523254,87.99755859,72.28838348,74.22572327,75.24167633,78.11444092,77.01406097,76.18299866,79.4176712,79.18177032,78.42749786,79.89765167,83.04563141,83.28283691,,82.35019684,79.73745728,85.92340851,87.8434906,89.60121918,91.33145142,93.18502808,83.74855804,94.48725891,113.036438,91.83434296,95.53891754,97.56832123,101.4501801,105.9131699,108.2808533,105.4364166,105.4468765,105.6287994,
East Asia & Pacific (excluding high income),EAP,,,,,,,,,,,,,,,,,,,96.55471802,96.52310181,96.6193924,96.65483856,93.65354919,94.98358154,96.5140686,93.40522766,90.1552124,89.06532288,89.9917984,90.9274826,92.11969757,93.42214203,92.56664276,92.14048767,91.53024292,90.85973358,90.18669128,93.80314636,99.41165161,101.1124115,102.0943069,100.5392914,100.656189,99.09042358,95.37316132,93.08624268,95.13955688,97.10636139,
Early-demographic dividend,EAR,49.70965958,49.7741394,50.12823868,50.97871017,51.30862045,52.30176163,53.38341141,54.37128067,55.25867844,56.05434036,57.62458038,59.22462082,60.95281982,62.71197128,64.89305115,66.99398041,68.19612885,69.09375763,70.22799683,70.59159088,70.974823,71.39134979,72.26313019,73.05491638,73.77336121,74.42961884,74.22779083,74.10681915,74.224617,74.17888641,75.81021118,76.80301666,78.67733002,80.93183899,82.75894165,84.59143066,85.2202301,86.82589722,88.3646698,89.33641815,89.93110657,89.62403107,91.77049255,92.59441376,93.83509827,94.01917267,93.47442627,93.80384064,
East Asia & Pacific,EAS,,,,,,,,,,,,,,,,,97.23899841,97.10060883,96.81526184,96.67948914,96.97767639,96.93099976,94.33364868,95.46372223,96.84030151,93.97589111,90.83294678,89.69629669,90.57926178,91.44812012,92.53201294,93.77041626,92.82898712,92.53370667,92.04831696,91.43715668,90.85051727,94.39531708,99.52423859,101.0868835,101.966629,100.6398315,100.8575821,99.30217743,95.73777771,93.62512207,95.44000244,97.27113342,
Europe & Central Asia (excluding high income),ECA,,,,,,,,,,,,,,94.68067932,94.79241943,95.29566956,95.96994019,95.88391113,98.16802216,95.77012634,96.1913681,96.37293243,96.18515778,95.34597778,95.2276001,94.19355011,93.64370728,93.96188354,93.9720993,93.79720306,93.80439758,95.93492126,96.90740967,96.29470825,97.32150269,98.75132751,96.73272705,95.34591675,95.93418884,97.08097839,97.47498322,98.68383026,97.94625854,98.40627289,98.06359863,98.9726181,97.49060822,97.64055634,
Europe & Central Asia,ECS,,95.32924652,95.06330109,95.14724731,95.40409851,96.10814667,96.17359924,96.22428894,96.2927475,96.13297272,96.19960022,95.77073669,95.62593079,95.28603363,95.62410736,96.21623993,96.47753143,96.05323029,97.59770203,96.29311371,96.45065308,96.51555634,96.71542358,96.49749756,96.07404327,95.34268951,95.31317139,95.53311157,95.62391663,95.58229828,95.58403778,97.25689697,97.47376251,97.11791229,97.4542923,97.47796631,96.30892944,96.12095642,96.54064178,97.12090302,97.42095947,97.99040222,97.34583282,97.51790619,97.18533325,97.98795319,97.09564972,97.18434906,
Ecuador,ECU,,55.58869171,54.95084,58.63216019,61.51852036,65.52014923,69.959198,71.74980164,70.86405945,74.78368378,77.80299377,81.62129211,84.43769073,88.19267273,90.54283142,91.04766083,,93.88156128,95.35169983,,,,,,95.50454712,93.28373718,92.69567108,95.72460938,,96.69973755,96.84294891,97.29824829,97.09024811,96.59197998,96.39395905,100.7708588,100.6110611,100.6089096,,99.34217834,106.3218384,110.7795792,111.9435883,112.3799362,115.7195282,108.8401031,104.7950974,,
"Egypt, Arab Rep.",EGY,,55.29558182,52.13800049,55.49583817,57.4590416,60.1152916,61.15019989,61.29145813,53.53507996,35.67522049,45.78979111,54.54521942,,,,,72.71884155,73.29875183,,,,,,,,,,85.78471375,,89.14234161,87.54620361,86.25206757,85.54579163,86.44051361,88.60256958,90.31768799,86.84089661,91.9371109,,97.16879272,100.5455322,,,100.4939804,,,93.94470215,94.96289825,
Euro area,EMU,94.80873871,94.80457306,94.98921967,95.11958313,95.5741272,97.34767914,96.97511292,96.9825592,96.76248169,96.5001297,96.79709625,96.57285309,96.58976746,96.24947357,96.75993347,97.08753967,97.12428284,95.97676086,97.2481308,97.33881378,97.65661621,97.70401001,98.11728668,98.09736633,97.28103638,96.68360901,96.72852325,96.58805847,97.01618958,97.37056732,97.36888123,98.37532043,97.01702881,96.8881073,96.34629822,94.89875793,94.93525696,96.58601379,96.88337708,96.84111786,96.91243744,96.68759918,95.79550171,95.41256714,95.12007141,95.73700714,94.86786652,94.86329651,
Eritrea,ERI,,,,,,,,,,,,,,,,,,,,,,,,,18.97146034,23.43623924,31.55673027,34.80929947,,33.31209183,35.73968124,36.75431061,36.33240128,40.79190826,47.13531876,57.19118118,55.6803093,53.92903137,54.07798004,55.90655136,47.07612991,45.06885147,41.76319122,39.90319061,,42.53964996,,45.26639175,
Spain,ESP,,,,,,,,,,,,98.80252075,98.22386169,98.8946991,102.1455688,103.3096771,103.2957611,100.9833984,104.6397781,102.2060471,99.72859192,,,100.7324677,101.8171005,,,,,,,,,,102.1825409,,96.60473633,98.18195343,99.86369324,102.2304382,103.1816177,102.0868301,102.087883,99.31030273,97.59393311,98.92230225,97.17855072,,
Estonia,EST,,,,,,,,,,,,,,,,,,,,,,,,,,79.64726257,90.8167572,,89.43874359,93.36907196,95.6677475,101.4070816,102.9511414,106.3058929,102.3217163,102.6362686,94.97763824,94.75884247,95.46748352,98.77735138,100.6594925,101.4313278,103.7629166,104.1680984,99.88260651,98.59751892,96.44262695,,
Ethiopia,ETH,,,,,,,,,,,,,18.04442024,,,,,24.50855064,23.9460907,22.76022911,,,,,14.05992985,13.90919971,14.87580013,,17.07084084,19.72389984,22.20844078,27.60310936,31.3692894,34.64683151,37.45124817,43.32683945,47.22711945,47.35951996,49.48461914,51.3816185,57.74343109,52.61439896,50.3893013,,53.54441833,54.28184891,,,
European Union,EUU,95.09053802,95.13748932,95.15229034,95.2512207,96.05792236,97.27928925,97.34876251,97.39441681,97.26722717,97.05947113,97.064888,96.44100952,96.22969818,96.05934906,96.71589661,97.5876236,97.24324036,96.5697937,97.27146149,97.13392639,96.93968201,96.3759079,96.7365799,96.97310638,96.53292084,96.35315704,96.99755859,97.40946198,97.52089691,97.60623932,97.59468079,98.5824585,97.6576767,97.7841568,97.60536194,96.41674805,96.06642151,96.93505859,96.91542816,97.0094986,97.43328094,97.48587036,96.68708038,96.52024841,96.22888947,96.86489868,96.43006134,96.44967651,
Fragile and conflict affected situations,FCS,39.84460831,39.81832123,40.39048004,42.26303864,42.69641113,44.56480026,45.52603912,47.59685898,48.91260147,49.72695923,50.51303101,51.44187164,51.81214142,51.51052856,52.59801865,52.48334122,53.06806946,51.72518158,51.56206894,51.55373001,52.17544174,52.87934113,52.73014832,53.63632965,52.79598999,52.78578186,52.95000076,52.61154938,52.66059113,52.90771866,54.6280098,56.59006119,57.71797943,60.2023201,62.00936127,63.28907013,64.10212708,64.85386658,66.67140198,67.08306122,67.89975739,68.5822525,69.40769196,67.49582672,67.70793152,67.94561768,68.3315506,69.26724243,
Finland,FIN,,,,,,,,,,,,,,,,,,103.9823532,105.7288132,105.4365463,101.6380692,97.24131012,96.59803009,95.97049713,97.05053711,100.4848785,101.2387924,100.3760071,98.01837158,95.85336304,96.20359039,102.1508026,100.8714523,101.9170685,100.1813202,100.193222,96.7771225,98.18628693,98.77861023,97.86470795,98.63067627,98.20484161,100.0412979,99.64524078,98.88342285,99.02333832,100.8884583,,
Fiji,FJI,,,90.88453674,96.8656311,96.11248016,,106.5689621,106.587822,110.4082184,102.2689209,97.1414032,97.35481262,,95.49031067,92.01380157,93.38050842,95.20786285,,,,,,105.1326065,,103.0142136,102.5802307,101.6678391,102.9758301,103.2655106,99.61946869,94.98412323,97.03587341,101.9648209,,109.2793427,,111.6007996,,106.1856995,105.4079895,,103.7592468,104.0817566,103.0100327,,106.3673172,102.8011017,,
France,FRA,,92.85690308,92.32700348,,,93.92720032,94.50414276,94.56910706,95.89335632,96.11534119,96.8740921,,,,,,96.57398987,95.54328918,99.02423096,101.4335098,104.6453629,106.6599274,107.6819992,,,,,,,97.11817932,92.93036652,,,,,,,,,,,,,,,,,,
Faroe Islands,FRO,,,,,,,,,,,,,,,,,,,,,,,,,,,,,,,,,,,,,,,,,,,,,,,,,
"Micronesia, Fed. Sts.",FSM,,,,,,,,,,,,,,,,,,,,,,,,,,,,,,,,,,,,,,,,,,,,,,,,,
Gabon,GAB,,,62.82073975,61.38043976,,84.54132843,88.42250061,80.96872711,81.13906097,82.33409119,81.16284943,84.93515015,86.75218964,86.54248047,75.43209839,92.56022644,,68.7430191,67.78180695,66.27483368,,,59.70085907,,,66.05641937,66.8167572,69.11031342,,,,,73.87438965,71.91822052,,,,,,,,,,,,,,,
United Kingdom,GBR,,,,,,,,,,,,,,,,,,,,,,,,,,,,,,,,,,,,,,,,,,,,,,,101.0284576,,
Georgia,GEO,,,,,,,,,,,,,,,,,,,,,,,,,,83.26995087,84.60301208,84.10566711,,82.65866089,96.18070984,98.52810669,95.51509857,87.09465027,93.35144043,83.46085358,81.53909302,89.93289948,95.59233856,100.774353,104.6268082,,101.5399323,105.2776794,105.5502701,105.7999115,119.1156464,117.095871,
Ghana,GHA,,65.79715729,59.94834137,,54.51916885,55.96937943,58.37997818,60.44684982,61.72891998,61.76359177,62.97475052,66.60704041,,,,,,,,,,65.60938263,67.71114349,,,,,,,68.63929749,71.68840027,68.02153778,69.58222198,70.48983765,69.27864075,74.89932251,70.96720886,76.1150589,81.34765625,82.40569305,,89.00289154,95.06580353,96.1572113,95.08158875,100.2382965,,95.20427704,93.77243042
Gibraltar,GIB,,,,,,,,,,,,,,,,,,,,,,,,,,,,,,,,,,,,,,,,,,,,,,,,,
Guinea,GIN,,,,,,,,19.05275917,21.15851021,,23.64537048,19.6524601,21.43400955,21.03886032,21.48430061,17.42041016,16.49353981,15.78404045,12.65275955,13.57289982,19.90435982,17.60190964,17.14949989,19.05870056,19.72344971,19.23859978,29.14385033,,24.39049911,28.15682983,31.06957054,33.11980057,37.27772903,37.68217087,47.63747025,54.02474976,58.71213913,59.03636932,51.84500885,58.23585892,58.60012054,,61.90382004,62.46825027,63.82447052,,61.12844086,,
"Gambia, The",GMB,,25.81071091,27.17801094,25.9031105,25.43276978,27.47628975,26.50037956,21.3888092,28.15026093,27.93560982,30.03842926,29.11879921,32.06079865,35.51583099,41.81818008,44.22457123,47.38594055,52.10673141,,44.3611412,,,41.75753021,39.62847137,38.56108093,41.05307007,48.31116867,46.73102188,,71.33139038,71.79012299,73.83786011,72.04241943,75.46588898,74.2766037,71.24858093,69.24466705,76.22982025,81.51088715,,72.88598633,68.33139038,69.19348907,69.19560242,69.08811951,68.87774658,70.22550964,,
Guinea-Bissau,GNB,,,,,,,6.798359871,,,14.74065018,10.95820045,15.93410015,17.3010006,13.88160992,13.09156036,,,9.508500099,6.325839996,,,,,,,,,,,,27.41116905,,,,,,,,,,64.28131866,,,,,,,,
Equatorial Guinea,GNQ,,,,,,,,,,,,,,,,,,,,,,,,,36.13051987,,,,,,44.65861893,,,36.34428024,,43.62036896,,,40.79489136,42.6866188,44.07941055,42.16854858,43.7353096,,,40.59571838,,,
Greece,GRC,,98.31269073,96.44756317,94.93086243,94.28302765,95.63800812,97.06221771,98.5968399,101.2411575,101.6695633,98.72731018,97.13571167,95.51663208,96.09063721,98.220047,100.3353119,105.1550369,95.68093109,96.6025238,94.54264069,,,96.73587036,,,,,,,,,,,,96.77979279,94.09381866,96.36174774,94.54488373,,,92.43943787,90.66763306,94.11617279,92.50942993,92.88964844,94.62859344,94.07701874,,
Grenada,GRD,,,,,,,96.3716507,98.09274292,89.8795166,92.00337219,,,,95.22028351,85.77303314,83.44969177,,,,,,,,,,,,,,92.94455719,,,91.38130188,100.2815781,,102.3378906,,97.55082703,110.4865417,121.1287994,111.5327682,,,,,,,105.9809875,
Greenland,GRL,,,,,,,,,,,,,,,,,,,,,,,,,,,,,,,,,,,,,,,,,,,,,,,,,
Guatemala,GTM,21.99291992,22.2536602,24.29376984,,,28.19639015,29.28850937,29.14378929,30.21879959,30.66297913,32.53762054,32.65407181,32.63378906,33.86894989,35.27241898,36.71995163,39.57410049,,,,,,,,,,45.5171814,,,50.78722,55.51237106,58.03934097,61.58015823,,67.26300812,70.92420197,73.92884064,74.67073822,77.55838776,81.62690735,83.62596893,85.79196167,84.75144958,84.8624115,84.66885376,82.71166992,79.12909698,79.94113159,
Guam,GUM,,,,,,,,,,,,,,,,,,,,,,,,,,,,,,,,,,,,,,,,,,,,,,,,,
Guyana,GUY,,95.76319885,93.21424866,91.57472229,91.86518097,,88.15438843,93.24825287,87.46102905,87.39526367,79.51143646,82.86505127,84.6339798,80.69239044,85.42352295,,,87.93467712,,,,,91.28766632,89.85417175,,76.68533325,80.18393707,84.57112122,,100.4008331,102.8571396,87.60797882,,74.55973816,,91.45706177,92.50492859,93.3026886,95.53240967,99.49375153,94.44037628,99.16757965,97.67211151,,,,,,
High income,HIC,93.1943512,93.33930969,93.1246109,93.40750885,93.62454224,94.35601044,94.563797,94.9498291,94.61781311,93.7303772,95.14116669,95.20639801,94.19985199,94.18196106,94.98806,95.08573151,95.28340149,95.06729126,94.94476318,94.60617828,95.04650879,94.97409821,95.69876099,96.14440918,95.78386688,95.46536255,95.45587921,95.30397797,96.08040619,96.34181213,96.44744873,97.19085693,96.74507904,96.96824646,96.83641052,96.04222107,96.08146667,97.23977661,97.50302887,97.48195648,97.8375473,97.95761108,98.23561859,97.75073242,97.77599335,98.29911041,97.79818726,97.80181122,
"Hong Kong SAR, China",HKG,,,,,,,,,,,106.2829666,102.1938782,99.52596283,98.48082733,102.1333008,101.7679367,103.6288834,,,102.5434875,102.8626633,103.9201813,104.6240082,105.7132874,102.8254623,99.12715149,93.53788757,,,,,,,,,,,,,,,,99.94329834,98.24198151,101.3618698,104.1111603,103.1923523,102.179451,
Honduras,HND,,,,,,,,,,,44.4515419,,49.2834816,,53.66913986,,,,,,,62.33459854,65.54929352,67.51615906,69.02461243,68.12966156,69.0960083,69.41317749,70.0892868,,,,,77.027771,,77.54119873,83.71224976,,83.57411957,86.02171326,90.09458923,91.99572754,90.73103333,84.02131653,79.74839783,,83.29508972,84.62850952,
Heavily indebted poor countries (HIPC),HPC,32.97650909,32.94559097,33.38996124,33.93156052,34.37401962,35.53681183,36.4683609,38.03316879,39.87841034,40.77457047,41.8776207,43.68410873,44.7638588,45.12855911,47.70513153,44.38837051,44.21070862,43.47723007,42.37836075,40.82149124,41.5346489,42.24438858,41.41271973,42.27695847,40.98899841,40.8741684,41.54874039,41.15114975,41.23020172,42.46712875,43.2057991,45.75149155,48.01398087,49.81584167,51.5646286,54.18384933,56.12171936,58.6699791,62.30089951,65.30502319,65.32830811,64.91893768,65.22371674,65.13989258,65.33750916,65.4885788,65.48013306,65.59056091,
Croatia,HRV,,,,,,,,,,,,,,,,,,,,,,,,,83.59664917,80.2588501,84.7379303,85.90624237,90.89968872,89.48496246,90.88205719,95.01474762,98.19367981,97.35977936,,103.4448776,101.7197037,103.8763504,98.68225861,93.59487915,91.27465057,93.08901215,92.44882965,93.96871185,95.94373322,100.5362778,97.74315643,,
Haiti,HTI,,,,,,,,,,26.29409027,27.09909058,,28.48488998,31.0428009,,33.94710159,36.08649826,37.87131119,,,,,,,,,,48.16994858,,,,,,,,,,,,,,,,,,,,,
Hungary,HUN,,89.20149231,88.58332062,92.93486786,99.68070221,100.5508194,98.03993988,99.65589142,104.2561722,99.14924622,97.54508209,93.46034241,92.84414673,94.28749084,102.4091187,113.5325699,103.7492065,96.82039642,89.25431061,83.40460205,81.78898621,79.38311005,85.1028595,89.8146286,,,,97.88227844,98.43993378,95.98339844,96.41204071,98.00721741,99.40122986,96.17282104,94.60688019,93.79821777,98.75137329,95.013237,96.58097076,96.79075623,97.09764862,98.71424866,97.51763153,97.68708801,96.4405899,96.92520142,98.58557129,,
IBRD only,IBD,74.97231293,75.0865097,75.533638,76.12818146,76.42127991,77.12365723,77.79096985,79.01290131,79.75747681,80.481987,81.63372803,82.56797028,83.10079956,83.74533844,84.74356842,85.70133972,86.03813171,86.07322693,86.37301636,86.14401245,86.40129089,86.65451813,85.95201874,86.91390228,87.79634094,86.97006226,85.55970001,85.09509277,85.41343689,85.51151276,86.82527161,87.75190735,88.49571991,89.40286255,90.12908173,90.82836151,91.02825928,93.58905792,96.96318817,97.89417267,97.88262177,96.84516907,97.49754333,97.42868805,96.39308167,95.39183807,95.45054626,96.01811218,
IDA & IBRD total,IBT,69.76283264,69.86383057,70.3081665,70.9396286,71.21530914,71.90277863,72.54556274,73.39749908,74.16301727,74.93167114,75.93154907,76.79595184,77.35926056,77.91313171,78.90666962,79.34342194,79.52609253,79.40905762,79.45793915,79.06652832,79.25479889,79.48697662,78.89143372,79.66967773,80.19339752,79.53359985,78.54966736,78.28489685,78.58854675,78.86975861,80.01673889,80.89096069,81.54602814,82.27599335,82.85521698,83.70237732,84.14369202,85.70677948,87.92350769,89.18292999,89.30135345,88.76448059,89.70670319,89.74926758,89.27855682,88.77223206,88.87728119,89.47538757,
IDA total,IDA,,,,48.74882889,48.95207977,49.59144974,50.11169815,49.32685852,50.14702988,51.06840897,51.47584915,52.29135132,53.32225037,53.95075989,55.44987106,54.45880127,54.80796051,54.96076965,54.93336105,54.79047012,55.40755844,55.98730087,56.00968933,56.47594833,56.20518875,56.35200119,56.72779846,56.81042099,57.14567184,58.0438385,58.76506042,60.07342148,61.30400848,62.32275009,63.25286865,65.26651764,66.93855286,66.61708832,66.77374268,69.46401215,70.38208008,71.32660675,73.20800781,73.71907043,74.66007233,75.36917877,75.79315948,76.62230682,
IDA blend,IDB,,,,,,,,,,,,,,,,,,,,,,,,,,,,,,74.84677124,74.98448181,75.3684082,75.25559998,74.73226929,74.74471283,75.72821808,78.31809998,75.09838104,72.01261139,73.77528381,75.57640839,76.25653839,79.06397247,80.61785889,80.9258728,80.9453125,80.51226044,80.31376648,
Indonesia,IDN,,,51.89072037,53.08979034,50.91999054,49.28826141,48.74034882,53.2840004,56.06428909,,,65.42780304,69.99298096,75.1918335,84.66342163,94.15120697,96.55024719,95.82460785,95.98280334,96.18225098,93.32743835,90.2725296,88.71572113,92.16079712,94.60677338,94.53096771,93.52371216,94.15936279,,,,93.7585907,95.0265274,95.61029816,95.51277924,94.1048584,92.36254883,95.98368073,96.08750916,98.49240112,101.761467,100.1999817,105.2545929,102.3298874,103.8481979,,,99.16790009,
IDA only,IDX,36.30910873,36.32920074,36.57212067,37.52151108,37.77125931,38.57706833,39.27951813,37.99105835,38.9441185,39.56552124,40.23332977,41.37918854,42.7596283,43.59923172,45.71543121,44.18281937,44.6425705,44.73207855,44.60926056,44.34001923,45.23902893,46.12623978,46.11388016,46.77856827,46.36957932,46.58311844,47.19256973,47.22512054,47.89017868,49.29853058,50.37215042,52.23023987,54.2028389,56.06464005,57.51176834,60.08364105,61.34955978,62.47819138,64.23660278,67.39598846,67.91716003,69.00733948,70.46527863,70.49420166,71.7171936,72.72252655,73.52519226,74.8286972,
Isle of Man,IMN,,,,,,,,,,,,,,,,,,,,,,,,,,,,,,,,,,,,,,,,,,,,,,,,,
India,IND,,39.68801117,,,41.64776993,,,,,,,,,,,,,63.20822144,64.5966568,,,,,,,71.9030838,,,,68.95169067,71.77980042,72.45529938,75.8442688,80.32840729,,,,,94.98444366,95.94667816,,92.89476013,,96.24060059,97.57359314,97.7277298,96.30979919,94.47557831,
Not classified,INX,,,,,,,,,,,,,,,,,,,,,,,,,,,,,,,,,,,,,,,,,,,,,,,,,
Ireland,IRL,,,,,,,,,,,,,,,,,,,,,,,98.66773224,99.19013977,97.3144989,96.42494965,,,,,,,,,,,,,,,,,,,,,,,
"Iran, Islamic Rep.",IRN,,50.12166977,,,,,,,,,,,,,77.54530334,80.263237,80.62539673,80.6027832,81.24447632,82.18087769,85.28751373,88.75823975,91.94017792,97.15077209,95.04279327,98.78131866,,96.79541779,,,91.7114563,95.46212769,95.57446289,92.15615082,102.6536865,105.7123718,98.24511719,94.56649017,97.68463135,102.3638306,104.2872162,103.6899796,101.7515182,,,101.5314331,101.9866562,99.38504791,
Iraq,IRQ,,40.54576874,39.68444061,42.74565125,43.53713989,51.38124847,51.73236847,64.95142365,66.17604828,,73.24263763,,,56.71656036,,65.13600922,63.99332809,58.132061,60.9028511,59.2172699,,,,59.37049866,,,,,,56.99790955,55.99988174,,,,79.6033783,,,66.65158081,,,,,,,,,,,
Iceland,ISL,,,,,,,,,,,,,,,,,,,,,,,,,,,,,89.40071106,90.49762726,99.78250122,111.9304276,106.0606079,109.3578033,98.46871185,98.52311707,96.78497314,94.98313904,94.78128815,98.98027039,98.02002716,99.86000824,98.18695831,,,,,,
Israel,ISR,,,,,,,,,,,,,,,,,,,,,,,,,,,,,,,,,104.4938507,104.5615692,108.1511383,104.1495667,102.7404022,103.5346603,100.2855835,103.3812332,101.6463013,100.947113,105.8592606,101.6872101,102.4769363,108.838623,102.4416733,104.4413681,
Italy,ITA,,97.13606262,99.16828156,98.96733093,100.1522522,107.8074493,105.949913,105.3905334,102.4418106,101.9454498,103.4423981,100.4175491,100.9559937,100.0502014,100.0473785,102.1568222,101.6853485,100.3372192,99.76598358,100.1064301,100.5974274,97.88439178,98.37507629,,99.66330719,98.31314087,98.95265198,95.55886841,,99.91094971,100.6407623,103.5285263,101.892952,102.2142563,100.7154465,99.03050232,99.30548859,101.3202515,104.6063766,102.3824387,102.8903503,104.0472183,100.5509262,100.0275803,100.3271484,100.4257507,98.51206207,,
Jamaica,JAM,,,,,,,79.71842194,81.52394104,,87.67297363,85.00669861,86.23545074,,,88.89234161,85.53787994,86.53421783,89.99855804,92.12242126,94.76947784,95.29827118,92.40953827,,88.87930298,,,,,,,86.36428833,80.840271,86.67758942,,86.59954071,,,,,,,,,,,,,,
Jordan,JOR,,,67.38735199,73.64122009,85.783638,95.6235199,97.74375153,97.82119751,99.53582764,98.51870728,98.87872314,95.77277374,94.35256958,90.48454285,93.49149323,93.94515228,,85.21037292,87.39134979,88.98847961,91.92401886,93.92533112,94.02204132,92.82003784,95.5568924,,91.7818985,,,92.05294037,94.49698639,,91.21704102,94.19818878,94.88967133,,,,,,,,,,,,,,
Japan,JPN,,103.6395798,99.80510712,97.84828186,97.53632355,97.64853668,97.93109894,101.8909912,97.56410217,89.06886292,103.7553024,102.1725311,97.90071869,97.36952209,98.00009918,98.37645721,100.3908768,101.7062836,99.80609131,99.85112,102.2158966,102.0385818,99.81128693,,97.24095154,,,,,,,,,,,,,,,,,,,,102.888298,101.6662369,100.4928894,,
Kazakhstan,KAZ,,,,,,,,,,,,,,,,,,,,,,,,,105.1790695,101.0607834,,98.98293304,95.15460205,,92.10423279,94.33191681,95.59706879,96.76460266,103.4738235,104.4053421,100.6994324,97.41200256,101.6422729,103.4465332,106.8048019,113.3560486,106.6740494,108.3530121,114.0648117,113.2292786,109.4190369,108.8248215,109.666832
Kenya,KEN,48.4380188,50.68309021,53.92665863,55.62358093,,60.63903046,62.82024002,67.24558258,68.52680969,89.45355225,86.04084778,84.51024628,,,,,,,,,,,,,,,,,,,,,,,87.79197693,88.50575256,,,,,,,,,99.49517059,101.4895325,101.9970703,,
Kyrgyz Republic,KGZ,,,,,,,,,,,,,,,,,,,,,,,,,,103.7696228,100.0973587,,,93.82640076,93.65444183,93.56213379,93.7303009,90.67353821,92.88243103,97.64202881,101.5139771,97.04768372,95.43691254,97.90760803,96.97618103,95.32409668,96.50882721,101.6133881,106.239502,112.9829102,105.4574127,103.7970123,
Cambodia,KHM,,,,,,,,,,,,,,,,,,,,,,,,,,,,17.19798088,32.49053955,41.16798019,,51.29729843,59.92530823,66.63964081,77.65000916,86.95874786,89.40927124,90.75570679,85.94242096,83.30947876,85.19989777,87.48931885,93.21322632,94.21196747,96.66372681,95.53391266,92.43412781,89.563797,
Kiribati,KIR,,,,,,,,76.76702118,85.85591888,72.56461334,84.47702026,132.3450165,122.8531876,129.0714264,127.2999268,127.4343109,126.3636398,110.1719208,109.4262314,113.4765625,102.2457886,112.7878799,111.7298584,106.9084625,108.59375,110.3783798,121.2153015,122.7087631,,106.5975494,99.02416229,117.2191467,111.3051529,119.5712967,123.06604,122.920517,113.3102875,118.5969315,106.6773911,,,,,,112.4154587,,99.52809906,,
St. Kitts and Nevis,KNA,,,,,,,,,,,,,,,,,,,,,,,,,,,,,,,,,,,,,,,,,,,,,,,,,
"Korea, Rep.",KOR,,95.79876709,97.50798035,106.401123,104.2837296,103.8684082,107.6459198,101.4939499,99.96665955,102.8068619,99.35588074,103.6919098,101.1763763,102.9156723,108.9896317,106.5209579,105.4388428,104.6899414,99.90892029,95.04232788,99.02883911,96.53295135,107.4712677,106.7674103,108.8093414,108.4417191,,97.09213257,99.07720947,103.6673965,103.1985321,99.62476349,94.78652191,100.8377533,99.64295959,97.80467224,99.08627319,101.018837,100.0238037,101.5493698,101.125473,103.1018982,109.5437775,102.2116928,94.26091766,98.88244629,96.12033844,,
Kuwait,KWT,,60.75226974,56.16122055,53.97105026,51.27854919,60.16175079,82.61427307,68.60668182,74.36975098,75.35044098,81.49875641,93.00402069,90.9986496,93.6444397,94.60040283,96.06152344,96.84201813,97.02761841,,,,,55.78192139,,78.36171722,71.69615936,101.0677719,99.65685272,,100.2710876,99.18656921,87.03388977,93.11077881,98.14266205,100.2814636,111.3058701,,106.1906891,,,97.4172821,98.71350098,97.75115967,99.62895203,,,100.6579208,96.79167938,
Latin America & Caribbean (excluding high income),LAC,79.87574768,80.28340912,80.42942047,81.2588501,81.75972748,82.05870819,83.24887848,85.6354599,85.94483948,86.852211,87.58042145,88.02797699,88.31610107,89.32550812,90.39074707,89.76979065,90.74842072,91.23840332,91.26914978,91.18135071,91.12621307,91.29271698,92.56848907,92.95324707,93.49546814,94.29685211,95.0855484,96.00115967,96.49662018,96.78527832,97.77546692,97.43463135,99.27887726,98.2858963,96.25466919,97.23432159,98.22255707,98.96179199,98.53665161,98.64408112,98.68521881,98.82556152,99.6280899,99.65190125,100.0911331,99.13446045,98.65220642,98.21011353,
Lao PDR,LAO,,,,,,,,,,,,,,,,,,,41.99126053,,43.29166031,,40.38053131,43.43503952,48.53836823,,56.58013153,59.51012039,63.65893173,68.93505096,67.27818298,67.37724304,67.77390289,67.23236847,67.57173157,69.91735077,73.74952698,76.29670715,78.64608765,81.70916748,85.7201767,91.57357025,95.28582001,99.71283722,101.3290176,101.6550827,100.376152,102.2150116,
Lebanon,LBN,,,,,,,,,,,,,,,,,,,,,,,,,,,,97.85182953,103.31633,120.1399002,115.4106674,111.8326874,103.3269882,98.16401672,90.89536285,82.92237091,80.47705841,82.58789063,85.75730133,85.36917877,87.85736084,84.75203705,81.19094086,78.23686981,70.64785004,72.03408813,71.8793335,74.0836792,
Liberia,LBR,,,,,,,,,28.65187073,,,,,,,,,,,,,,,,,,,,,,,,,,,,64.86826324,,61.33137894,60.58364868,,65.36292267,,,58.98646164,,,,
Libya,LBY,,42.82278824,77.03163147,68.18631744,83.76061249,102.7709808,96.73055267,99.94631195,97.82539368,92.37561798,85.32678986,87.37724304,,93.56580353,,,,,,,,,,,,,,,,,,,,,,,,,,,,,,,,,,,
St. Lucia,LCA,,,,,,,,,,,,,,106.3547134,101.5094299,,,,,,123.8759689,116.7452087,,119.8142395,,,,,,,,,105.3439484,104.737442,103.9965515,99.7097168,106.8095093,106.7992935,,,,,,,,,,,
Latin America & Caribbean,LCN,79.2990799,80.00720978,80.37506866,81.26753235,81.71511078,82.19293976,83.35296631,85.41340637,85.76657104,86.67194366,87.48410034,87.97931671,88.33350372,89.33827209,90.32969666,89.83570099,90.78221893,91.30838776,91.39498138,91.40029907,91.44023895,91.66718292,92.8678894,93.28473663,93.83078003,94.38790131,94.93971252,95.57164764,96.52187347,96.68068695,97.58643341,97.23352051,99.12802124,98.10259247,96.22113037,96.98603058,98.03114319,98.90918732,98.75086975,98.84205627,98.8342514,98.96975708,99.68270874,99.52536011,99.96008301,99.04480743,98.66027832,98.26824188,
Least developed countries: UN classification,LDC,,,34.10615921,35.17417908,35.43577957,36.13059998,36.69060898,35.10044861,36.04566956,36.77032089,37.42230988,38.42475128,39.67341995,40.50637054,42.75429916,41.1403389,41.48020172,41.45489883,41.26789093,40.97959137,41.97439957,42.74378967,42.6111908,43.47291183,42.93569946,43.28725052,44.01250839,44.16551971,44.81367874,46.11848831,47.21881104,49.15171051,51.18918991,53.02265167,54.66376114,57.16756821,58.59020996,59.91299057,61.72309113,65.02326965,65.37390137,66.48750305,67.89337158,68.98690796,70.29866791,71.02129364,71.87201691,73.11830139,
Low income,LIC,33.99914932,33.56848907,34.1669693,34.60736084,35.50011826,36.93146896,38.1764183,39.87968826,41.59262085,42.73984146,43.64509964,45.10900116,46.31697845,46.67668152,49.01319885,45.64899063,45.16543961,44.16955185,42.87149048,41.73207092,42.95296097,43.97077179,43.71966171,44.40243912,43.34766006,43.46099091,44.0100708,43.64567947,43.85583878,45.26261902,45.92757034,48.38320923,50.54610825,52.6409111,54.06010056,56.76417923,58.99583054,60.90895844,63.82424164,67.18009186,66.79038239,66.61218262,67.01055145,65.76167297,66.12905884,65.83867645,65.82479858,65.96013641,
Liechtenstein,LIE,,,,,,,,,,,,,,,,,,,,,,,,,,,,,,,,,,90.38902283,109.0206223,,101.7811737,102.8697586,103.6496429,94.59458923,111.053978,100.742569,102.2388077,,92.24806213,105.7471313,100.2518921,,
Sri Lanka,LKA,63.54953003,,79.88200378,,73.10378265,70.93029022,42.35892868,57.99821854,74.69805908,77.88265228,85.09211731,93.43302917,87.24674225,86.90782166,90.1579895,89.41625214,90.06868744,90.29373932,,95.40268707,97.42256927,99.73903656,99.18463898,,,,,,97.30782318,,,107.2638474,112.5895386,105.1856384,,101.1921616,100.2267609,97.52646637,92.57911682,92.49630737,99.0952301,100.406723,97.56891632,98.50862885,98.01248932,98.71412659,100.6405487,101.9328995,
Lower middle income,LMC,51.8864212,51.98875046,52.08580017,52.79417038,52.77180099,53.54246902,54.06631088,54.83731842,55.93722153,56.67953873,58.22406006,59.83407974,61.33983994,62.93104172,65.01573181,66.98674011,68.19407654,69.06420898,69.87046051,70.55751801,71.11486816,71.39240265,71.6258316,72.62935638,73.41847992,74.05095673,73.77583313,73.62104034,73.59007263,73.56210327,75.28946686,76.20774841,77.74550629,79.94936371,81.44966888,83.09898376,84.44978333,85.55001068,86.20896912,87.5148468,88.03076935,88.00154114,90.30036163,91.48178864,92.79508209,93.18898773,92.71051788,93.06661224,
Low & middle income,LMY,69.57067108,69.62890625,70.05622864,70.72035217,71.02324677,71.72772217,72.41729736,73.35812378,74.16944122,74.93372345,75.91362,76.75800323,77.28825378,77.84845734,78.85649872,79.25752258,79.40284729,79.25453949,79.2702713,78.84941101,79.04361725,79.28582764,78.6635437,79.43126678,80.00361633,79.36196899,78.36459351,78.1461792,78.37351227,78.68195343,79.85330963,80.73406982,81.37647247,82.12135315,82.70108795,83.58712006,84.0175705,85.57111359,87.78514099,89.07369995,89.20227051,88.65743256,89.60514069,89.66240692,89.19248199,88.67598724,88.76708221,89.36862183,
Lesotho,LSO,,32.83238983,36.51081085,40.45581055,49.67832947,52.1987381,48.72164154,44.81391907,45.29320145,46.05067062,46.13362885,47.42982101,47.92269135,49.09217072,49.60068893,49.64920044,50.14241028,53.07331848,56.02659988,56.73682022,59.26556015,60.01390076,62.64757156,62.54391098,64.8939209,68.77741241,66.4455719,65.92179108,66.10549164,64.73680115,63.18706131,65.15441132,66.04679108,67.59966278,69.42507935,63.98070145,80.51265717,75.29840851,72.37786102,71.81510925,73.54618073,72.81539917,72.47421265,73.89131927,75.18595123,76.11792755,78.91217041,,
Late-demographic dividend,LTE,,,,,,,,,,,,,,,,,,,98.52831268,98.35597229,98.96193695,99.30964661,97.0098114,97.85458374,98.90326691,96.08505249,93.18405151,92.15470123,92.81893158,93.36174011,94.1463089,95.13491821,94.72398376,93.96437073,92.96186829,92.48023224,92.34297943,95.40357208,100.8229065,102.6367493,103.1636581,101.8394699,100.8363266,99.35373688,95.30049896,93.23972321,95.17983246,97.17751312,
Lithuania,LTU,,,,,,,,,,,,,,,,,,,,,,,,,,93.30351257,97.65048218,99.32897186,,96.84287262,101.9031906,102.7206268,102.5675278,101.3667679,103.2576599,102.043541,102.3819885,104.2147064,98.42682648,99.07627106,99.36398315,99.0966568,101.1034927,101.3880005,100.7501678,100.7350235,101.8899765,,
Luxembourg,LUX,,,,,,82.97514343,82.83679962,85.74375916,84.37618256,84.22151184,,,,82.85838318,,,,,,,,,,,,,,,,,,,,,,,,,,,84.3259201,84.368927,85.73951721,81.98400116,79.34346771,78.88298798,79.07543182,,
Latvia,LVA,,,,,,,,,,,,,,,,,,,,,,,,,,72.87877655,73.01529694,87.0533371,,93.50907898,99.4299469,100.4669876,99.56717682,101.0083084,104.9569626,102.0033493,102.6938782,101.6649628,102.3786163,101.090271,102.1927567,99.76600647,98.53286743,99.41632843,100.3578415,100.0109482,98.06009674,99.31181335,
"Macao SAR, China",MAC,,,,,,,,,,,,,,,,,,,,,115.0229721,,96.41172791,94.43325043,,,,,,100.4341736,98.21951294,97.52493286,96.60295105,92.97679901,96.43131256,89.33101654,94.47328186,92.657547,92.6960907,90.71865845,92.25274658,93.07952118,94.65435791,91.19085693,95.01151276,96.35359192,101.6480408,105.1094894,
St. Martin (French part),MAF,,,,,,,,,,,,,,,,,,,,,,,,,,,,,,,,,,,,,,,,,,,,,,,,,
Morocco,MAR,,26.2208004,25.90596962,26.74420929,27.40337944,28.85391998,31.33696938,33.7394104,37.05995178,39.9664917,42.29101181,43.81457901,46.63613129,48.10189819,49.60194016,58.11835861,56.38031006,55.8414917,51.90016937,44.4495697,50.71110916,47.10166931,45.70056152,46.10826111,46.25450897,47.89886093,48.68040085,50.39764023,53.50954056,55.40525055,58.27281189,59.78903961,62.11809158,66.47254944,73.98145294,78.59828949,82.3586731,82.93103027,81.64730835,81.32936859,85.33392334,89.32061005,97.89938354,95.83513641,96.03900909,95.93862915,94.76480865,92.71408081,
Monaco,MCO,,,,,,,,,,,,,,,,,,,,,,,,,,,,,,,,,,,,,,,,,,,,,,,,,
Moldova,MDA,,,,,,,,,,,,,,,,,,,,,,,,,,95.01312256,,,,94.35630798,97.78652954,97.26114655,97.14170074,95.38089752,96.22393799,99.48995209,98.03025818,92.91346741,91.37654877,92.81584167,91.97969818,91.09963226,89.63884735,93.03943634,91.96939087,90.90860748,89.78202057,89.90564728,
Madagascar,MDG,,27.0122509,29.63990021,29.21636963,,31.74353027,,,,,,,,,,,,,37.53620148,35.40575027,35.06270981,33.79050064,31.00875092,31.90892029,29.14633942,28.91202927,29.49620056,,30.22361946,33.51794815,36.70574188,36.19731903,36.25741959,40.09122086,45.97764969,58.28878021,57.07947922,61.22325897,67.43195343,73.94515228,70.37509155,70.69732666,69.12875366,67.96234131,68.1992569,68.65476227,67.57843018,,
Maldives,MDV,,,,,,,,,,,,,,,,,,,,,,,,,,,,118.1752319,,,,177.8489227,186.0546265,182.0434265,180.5855713,139.8963165,130.3964844,,113.3567123,120.3358231,,,,,,95.64650726,99.5984726,94.67896271,
Middle East & North Africa,MEA,49.22853851,49.17216873,49.26826859,51.17274857,53.03853989,56.26240921,58.15483856,60.5703392,60.31090164,56.66231918,59.97652054,63.57345963,64.67537689,66.21559143,68.83592987,73.19567108,72.34195709,72.30174255,72.75678253,73.16745758,74.96373749,75.74175262,77.15299225,78.55477142,78.70773315,80.38114929,80.87486267,81.22103119,81.56260681,81.87242126,81.03227997,82.76728058,83.54917908,85.03652954,88.81469727,89.95838928,87.02306366,88.30155945,90.82039642,90.20401764,92.29367065,93.05490112,94.42785645,91.69319153,92.32195282,91.71160126,90.86003113,91.09786224,
Mexico,MEX,,,,,,68.49227905,70.37808228,75.99623871,76.23578644,80.31738281,83.09709167,84.40605164,84.28368378,85.04618835,88.02500916,86.35080719,88.00827789,88.75115204,88.58223724,88.3604126,86.61976624,86.31839752,87.64144897,88.580513,90.23680115,93.20426941,94.89244843,94.91249084,,94.93766022,95.46411133,95.94745636,97.18852234,96.93486023,98.45136261,98.83715057,98.57848358,98.48267365,96.85585785,94.41425323,94.01767731,94.07038879,100.4105835,104.451683,106.3677368,101.7891693,101.3326721,101.5922775,
Marshall Islands,MHL,,,,,,,,,,,,,,,,,,,,,,,,,,,,,,92.5298233,,,114.2964096,103.6666718,,110.1761322,114.6942825,116.9756088,114.3263779,109.1237564,,99.75409698,,,,,76.88581085,,
Middle income,MIC,72.6335907,72.71325684,73.08043671,73.74033356,73.99784851,74.66796112,75.33003998,76.21180725,76.95320892,77.69113922,78.68708038,79.49849701,80.00418854,80.61727142,81.54682159,82.33862305,82.61100769,82.6251297,82.86174774,82.62702942,82.82788086,83.06403351,82.44950104,83.28170776,84.10266113,83.43894958,82.29540253,81.98973846,82.32082367,82.53308868,83.8156662,84.6446228,85.26616669,86.00321198,86.63147736,87.42775726,87.73867035,89.36807251,91.6145401,92.7024765,93.03457642,92.52900696,93.66575623,94.03972626,93.49488068,93.0085907,93.19538879,93.94940948,
North Macedonia,MKD,,,,,,,,,,,,,,,,,,,,,,,,94.66309357,94.65383148,93.16253662,95.71790314,96.41503143,100.0711899,99.55412292,96.17159271,94.85040283,96.16397858,92.65184784,91.78143311,93.18820953,91.71085358,91.59069824,91.76322174,91.70372772,,,,89.7334137,90.13024139,91.27797699,,,
Mali,MLI,,10.05257034,9.234339714,9.610699654,10.3650198,,11.50673962,13.81914043,12.93356037,13.63453007,12.0614996,11.61676025,,11.82882977,11.30099964,10.66621971,9.795639992,9.730409622,9.407349586,,,,,,,,,,,,31.02326965,35.06623077,35.95748901,38.97694016,40.76734161,42.16149902,47.19997025,50.17938995,52.81269836,54.36558151,57.46760178,58.17670822,54.46881104,54.17443085,53.13399124,50.86188126,50.9853096,49.55762863,
Malta,MLT,,109.0669632,111.2923279,105.5891037,106.3800125,93.76907349,72.98790741,95.46980286,90.97277832,100.3816833,104.7086563,118.1610565,104.330307,100.8575287,96.93493652,103.0833817,103.6626816,108.3494492,99.56777191,101.2116013,100.2547607,98.53292084,101.6281128,104.9793167,104.7495193,100.6442566,101.378952,100.228508,102.1257782,104.7712708,107.9963913,106.3378983,106.2752991,103.7305069,100.3370819,95.90411377,98.32636261,95.28449249,98.12915039,92.24173737,97.32865906,99.65429688,93.13050079,96.44521332,101.2330093,99.28662109,101.6501694,,
Myanmar,MMR,,37.01799011,35.20996857,43.39841843,40.95407867,,,,,,,,,,,,,,,,,,,,,,,,,71.93444824,78.24854279,77.60894012,78.67719269,80.98033905,82.98870087,,87.46022034,87.5424881,88.27555084,86.77792358,86.46871185,,,,86.5838089,,87.12644196,96.39292145,
Middle East & North Africa (excluding high income),MNA,48.64212036,48.61471176,48.75616837,50.85437012,52.91352844,56.36985016,58.28821182,60.9233017,60.60491943,56.6166687,60.07688904,63.78456879,64.87988281,66.45694733,69.22133636,73.93726349,72.89541626,72.74648285,73.18119812,73.5166626,75.41461945,76.20017242,77.72550201,79.12145996,79.15016174,80.94313812,81.24504089,81.42790222,81.63983154,81.83229828,80.81375885,82.69212341,83.33435822,84.78666687,88.77237701,89.89322662,86.29810333,87.38282776,89.98052979,89.11087036,91.39846802,92.15084076,93.18148804,89.91986084,89.71897888,89.09786987,88.5433197,88.82311249,
Montenegro,MNE,,,,,,,,,,,,,,,,,,,,,,,,,,,,,,,,,,,,,,,,,,75.97548676,99.6104126,,,94.3434906,90.42526245,90.35243225,
Mongolia,MNG,,,,,,,,,95.70172119,99.92340088,99.36173248,,,98.03922272,,,,,,,,,,,,74.71463776,79.64143372,77.09677887,88.64092255,86.76554871,86.95098877,91.96549988,99.35027313,100.9566193,97.77928162,96.14891052,,,,,,,,,,98.33010101,93.5936203,92.5507431,
Northern Mariana Islands,MNP,,,,,,,,,,,,,,,,,,,,,,,,,,,,,,,,,,,,,,,,,,,,,,,,,
Mozambique,MOZ,,,,8.368920326,,,,,,,,,35.00257111,27.33423996,32.40584183,32.91753006,44.27453995,33.25865936,26.3282299,26.04764938,27.25812912,27.44775963,25.50901031,25.20350075,25.47064972,25.89396095,,,,14.19392014,16.35605049,19.06735992,22.33138084,,29.06875038,40.61595917,40.02851868,44.08338165,56.38544846,53.56145859,57.19876099,53.42409134,50.90840912,48.64400864,48.10354996,48.36959839,,46.3842392,
Mauritania,MRT,,,,,,,10.13057995,10.31215954,11.90937042,15.81285,18.97925949,25.35590935,,29.04618073,,29.91711044,32.23258972,32.9998703,38.44258118,34.22319031,28.80213928,32.38790131,31.20255089,32.61692047,32.15431976,33.02716827,33.76879883,37.99803925,43.3298912,44.52130127,,44.75857925,42.39722061,,,42.35221863,43.3757515,54.6420517,,66.93708801,,,67.97306824,70.08631134,67.29286194,68.05400085,,68.18598938,
Mauritius,MUS,,,,,,,,,,,,,,86.32550049,80.83859253,93.42436981,125.3233566,100.0513306,102.7042389,67.97722626,113.64991,114.1379013,109.6963806,101.9887619,97.50569153,95.85962677,93.85681152,93.82466125,97.42868805,102.6889114,102.7939835,101.8895569,98.33799744,99.16805267,96.03674316,97.4879303,95.00874329,97.42125702,97.06259918,94.78923798,99.26860809,98.43354034,95.62267303,97.34062195,96.91483307,100.4805603,101.0570526,98.15899658,
Malawi,MWI,,,,,20.0800705,21.28351021,23.42465973,27.70346069,28.64640045,30.51579094,31.0078907,33.49610138,33.13682175,32.92554092,31.40247917,32.54138184,31.86342049,31.8288002,25.83949089,26.90621948,29.46734047,32.8549881,36.53160858,38.75896835,41.10145187,53.1554184,61.64387894,,,62.38346863,61.21455002,62.43656158,65.56500244,,57.47327042,57.18703842,56.68424988,57.42871094,61.86317062,63.30400085,65.61490631,68.0752182,71.43013763,76.70755768,76.90216827,,,,
Malaysia,MYS,,,,,83.33338165,,,,,,94.91883087,92.00557709,92.07486725,95.65686798,94.78735352,93.46224976,,93.01638794,93.45845795,91.19114685,89.30254364,90.7802124,,94.08467865,,,,,97.41435242,95.02410126,100.6183014,,92.77301025,93.47962952,98.13938141,103.7466812,100.0370712,98.20053864,99.29029083,99.93380737,97.55587006,100.2997208,107.2671738,103.9139023,103.9005127,103.3765869,100.5613785,99.15473938,
North America,NAC,,,,,,,,,,,,,,,,,,,,,,,,,,,,,,,,,,,,,,,,,,,,,,,,,
Namibia,NAM,,,,,,,,,,,,,,,,,,,,,,,73.87325287,,71.98430634,69.44772339,77.68392181,,96.00695801,94.56826782,91.11834717,93.62541962,92.1861496,92.51084137,84.99429321,85.00283051,81.99996185,,78.51981354,84.07170868,80.99977875,,85.36348724,86.37809753,,,,77.50205994,
New Caledonia,NCL,,,,,,,,,,,,,,,,,,,,,,,,,,,,,,,,,,,,,,,,,,,,,,,,,
Niger,NER,,5.310800076,6.460929871,6.551760197,6.479469776,6.861660004,7.512189865,8.403880119,10.24623013,10.67201996,13.72144032,14.63412952,16.92901993,18.33868027,19.97817039,19.6297493,21.67921066,22.82986069,,14.9388504,16.34120941,17.32180023,18.13286972,16.08346939,,13.45524979,13.8611002,17.87710953,18.85792923,19.44072914,18.38887978,19.36399078,21.08160973,20.46479034,26.62846947,29.40302086,32.19126892,39.06158829,37.64928055,39.86164093,39.72298813,44.21907043,47.81985092,47.91381073,57.86875916,,71.62126923,73.21434784,
Nigeria,NGA,,,,,,,,,,,,,,,,,,,,,,,,,,,,,,,82.12844849,,,,79.94828033,83.09250641,91.09300995,80.95787811,69.78555298,73.7726593,73.76257324,,,,,,,,
Nicaragua,NIC,25.33885002,28.93745995,29.44688034,32.08945847,30.31681061,,,35.22082901,34.8177681,30.79257011,34.5296402,,31.35440063,30.91876984,29.32996941,31.45046997,38.53004074,47.65681076,48.34703827,42.04790878,39.55976868,42.64163971,44.89751816,49.23765182,54.56631851,50.10791016,,,,66.80136871,65.69252777,67.0670929,75.32904816,75.48330688,76.9458313,81.0308075,80.9088974,81.42752838,80.59500122,,85.36538696,,,,,,,,
Netherlands,NLD,,97.96949005,95.91841125,95.71656036,94.58332825,94.37258911,94.69278717,93.76338196,92.59317017,92.06522369,92.79727173,97.54096985,99.49633026,98.85569763,97.05544281,92.65477753,,,,,,,,,,,,,,,,,,,,,,,,,,,,,,,,,
Norway,NOR,,98.98770142,99.34136963,97.58238983,97.95021057,99.47064209,99.88381195,101.5536194,101.7591324,100.9091873,98.85791779,99.7250824,100.6479111,,100.3071823,99.79715729,97.32209015,98.08267212,96.27088165,95.00759888,95.12200165,99.90062714,101.1968994,99.98056793,,,,,97.69037628,97.63311005,97.92279053,101.5475082,102.7123566,103.5053329,102.603241,100.0577927,97.57623291,97.81046295,99.15657043,101.259819,99.35865021,97.66902161,99.77059937,101.054657,98.26277161,97.96806335,100.8554306,101.0054703,
Nepal,NPL,,,,,,,,,,,,,,,,,,,46.88085938,,,52.43547821,57.59571075,,,,,,,64.53401947,67.28977203,67.04637146,72.1089325,73.09776306,73.33084106,76.83590698,77.84516144,,79.29437256,,,,102.1320724,101.7842102,103.7804031,105.3747025,109.7756119,112.7577515,
Nauru,NRU,,,,,,,,,,,,,,,,,,,,,,,,,,,,,,,,86.97318268,,,,,,97.27272797,,,,,94.8837204,,112.4423981,,120.4255295,,
New Zealand,NZL,102.1515884,104.2076416,106.1378632,105.1617813,102.1568375,99.93631744,99.22129822,100.6051788,101.6140976,103.457962,,,,,,,,,,,,,,,,,,,,,,,,,,,,,,,,,,,,,,,
OECD members,OED,92.27539063,92.35415649,92.10018921,92.29754639,92.45021057,92.99130249,93.24201965,94.08106232,93.7414093,93.28498077,94.72344208,94.83524323,93.86691284,93.87239838,94.89260864,94.85738373,95.54734039,95.39591217,96.1940918,94.75668335,94.93608093,94.94972229,96.20649719,96.11530304,95.96591949,96.06993103,96.35411072,96.29798889,96.58200836,96.86058044,97.02144623,97.79369354,97.32099152,97.54241943,97.66026306,97.33248901,96.8123703,97.40881348,97.25237274,96.84880066,97.11218262,97.34880066,98.30249786,98.13030243,97.65693665,97.56468201,97.11663818,97.10822296,
Oman,OMN,,,,,1.521950006,4.235459805,7.621150017,16.82308006,18.28862953,23.83880997,,,,36.40356827,42.65456009,41.83551025,45.4631691,48.03031921,54.76462936,61.92285156,65.07015228,,73.8967514,,71.75537109,74.24564362,76.87854767,79.30245972,81.529953,83.85643768,82.94361877,84.41490173,87.47049713,89.4670105,,,,,,96.07333374,,97.08152008,101.1144333,96.25045776,104.4776077,100.502533,104.0378036,107.6405563,
Other small states,OSS,58.58517075,58.94171906,59.84674835,60.35253143,62.1465683,61.81613922,60.79595184,59.36719131,60.53255081,61.90568161,61.52259064,64.2667923,64.39376831,63.83734131,63.03469086,65.33551025,68.1275177,65.91004181,65.97844696,63.56578064,66.40016937,66.13252258,66.13182068,65.77059937,66.87220001,67.1648407,68.65213013,70.26246643,73.3481369,74.68927002,75.21378326,76.68763733,77.48303223,78.05864716,77.27478027,76.40630341,78.05197906,78.1491394,78.78022766,78.59028625,78.9590683,79.23410797,80.45587158,81.00215912,78.48503876,79.04772186,79.15139771,78.57359314,
Pakistan,PAK,,,,,,,,,,,,,,,,,,,,,,,,,,,,,,,,,,,,64.34848785,63.61693954,63.85699844,63.93785095,65.02461243,69.18190002,67.93753052,72.18122864,72.92185974,73.47147369,,71.34552765,,
Panama,PAN,64.36025238,68.60134125,72.65161133,78.46360016,81.14235687,84.73210144,97.88742828,94.32608795,91.61380768,90.38115692,85.84190369,83.76689148,81.96179962,83.08289337,79.16108704,80.63292694,80.77346039,81.15222168,79.51708984,80.84269714,,,,,,,,,,89.80644226,92.05299377,92.33689117,92.77020264,,93.41256714,92.94553375,90.40969086,94.59896851,97.71891022,97.71414185,93.93403625,98.49739838,100.5501633,99.5267334,96.66993713,,,,
Peru,PER,63.81935883,,,64.77767181,67.90093994,69.20543671,75.13363647,81.51116943,80.32277679,80.34114838,79.10523987,78.14256287,,,,83.24868774,,,,,,,,87.30782318,,88.91474152,,,97.70430756,102.6468506,101.2711716,96.85089874,96.78270721,102.0760117,102.3327332,102.6004181,103.6107407,105.8755722,104.8821335,101.9323883,103.3559265,99.77336884,94.0094223,95.14781189,95.90406799,99.445961,102.7809525,95.20809174,93.91906738
Philippines,PHL,,,,,,,,,,,,85.78681183,,90.04898834,90.78701019,89.17315674,86.95142365,86.25109863,85.63163757,87.13304138,89.23535156,,,,,,,,84.64189148,86.40971375,,100.3427963,94.39285278,94.94994354,93.66017914,93.48594666,91.07643127,90.89814758,91.8344574,91.61971283,,,,,99.32070923,101.3476791,104.012413,,
Palau,PLW,,,,,,,,,,,,,,,,,,,,,,,,,,,,,,,,,,,104.4502563,,,,,,,,,108.8235321,95.90164185,,,,
Papua New Guinea,PNG,,,,,,,,,,,,,,,,,,44.40639114,46.62086868,46.07474899,44.48899078,42.36584854,42.93888092,,48.34939957,48.14049911,49.33853149,47.70534897,48.89266968,,52.53020096,53.28902054,54.56259155,56.32761002,,,,,,,,,,,74.76782227,,79.28173065,,
Poland,POL,,94.30487823,93.04782104,92.21012115,95.40393066,97.1228714,100.5715103,100.4001694,98.47722626,96.8646698,96.06841278,94.36727905,94.06056213,94.93167877,93.85125732,95.84606171,97.16873169,98.7822113,100.0989075,100.9191589,97.82296753,96.13198853,97.17108917,99.25029755,95.67749786,95.20140076,98.00289154,99.14727783,97.39180756,96.58647919,95.70694733,97.54382324,97.13736725,97.95063019,98.02671051,94.63269806,93.39569855,93.15292358,,92.92282104,93.53063202,93.64821625,94.41446686,96.08846283,96.01940155,98.75547791,100.1630936,,
Pre-demographic dividend,PRE,43.70774078,43.79758835,44.50614929,45.23807144,45.92594147,47.31340027,48.16572189,50.12805939,51.82403946,53.82595825,54.62361908,55.54008102,56.16474915,56.21511841,58.5013504,55.85926819,55.58441162,54.5409317,53.82051086,52.66785812,53.51247025,54.26966858,53.63869858,54.59539032,53.74755096,53.83427048,54.31171036,54.08441925,53.67092896,54.32794952,54.54278946,56.19992828,57.48485184,58.47751999,59.72845078,61.49868011,64.26490021,64.08702087,64.51260376,67.40711975,66.53510284,67.46022797,68.40225983,68.76299286,68.9572525,68.97705078,68.96985626,68.97588348,
Puerto Rico,PRI,,,,,,,,,,,,,,,,,,,,,,,,,,,,,,,,,,,,,,,,,,,,,,76.23190308,,,
"Korea, Dem. Peoples Rep.",PRK,,,,,,,,,,,,,,,,,,,,,,,,,,,,,,,,,,,,,,,,97.29083252,,,,,,,,,
Portugal,PRT,,,55.79323959,59.44519043,65.52451324,71.89277649,66.1520462,,,,,,,,,,,,,,,,,,,,,,,,,,,,,,,,,,,,,,,,,,
Paraguay,PRY,43.73493958,45.64390945,45.73659897,47.52629089,48.62953949,48.86442184,50.00065994,51.51377869,52.19972992,,54.44900894,57.47164154,59.95932007,62.59405899,64.36257172,66.22836304,64.71652985,64.93025208,64.36663055,64.1745224,65.36740875,68.9799118,72.85134888,76.43572998,76.55666351,78.4196701,82.51583099,,92.52770996,89.36187744,92.22490692,92.28852844,93.97759247,96.44280243,95.15802002,95.43833923,94.16052246,94.66295624,94.2729187,93.82156372,92.42269897,89.6862793,89.08831787,,,,,,
West Bank and Gaza,PSE,,,,,,,,,,,,,,,,,,,,,,,,,,87.43357086,86.99645233,86.17384338,,94.2157135,94.15281677,95.74198151,92.90476227,97.45973206,90.47663879,93.00887299,,86.12953186,87.7589798,89.73290253,94.69743347,91.20484924,91.10971832,94.13381958,97.3558197,95.7907486,93.40588379,95.85678101,
Pacific island small states,PSS,,84.00697327,83.94302368,86.54267883,85.95554352,87.88182831,90.38523865,90.97438812,94.56555176,92.64884186,92.25801849,93.87751007,90.54138947,89.4276886,86.60353088,85.62432098,86.98848724,87.73677063,89.0479126,90.59481812,91.59918213,93.34732819,93.87151337,93.52734375,93.13545227,93.44452667,93.92292023,95.59899139,95.71852875,93.52619934,91.59049988,95.09291077,96.89924622,97.99607849,98.88406372,99.93241882,99.57540131,99.32357025,97.13352966,96.93850708,96.75125122,96.70469666,96.75932312,97.43115997,98.0030899,98.74739075,97.1289978,96.59510803,
Post-demographic dividend,PST,95.1885376,95.18218231,94.5657196,94.93743896,95.06915283,95.68399048,95.97673035,96.78692627,96.71614838,95.83141327,97.21279144,97.08525085,95.8024292,95.61752319,96.65392303,96.69223022,96.6463623,96.35317993,96.08740997,95.78517914,96.48217773,96.44877625,96.54097748,97.09018707,96.83542633,96.73323059,96.72357178,96.63533783,97.14398956,97.36856079,97.35018921,98.33661652,97.87355042,97.97976685,97.97424316,97.40966797,96.65749359,97.44223785,97.24645996,97.20057678,97.71045685,97.80722046,97.79379272,97.37119293,96.86258698,97.43791199,96.94613647,96.97566223,
French Polynesia,PYF,,,,,,,,,,,,,,77.45410156,,,,,,,,,,,,,,,,,,,,,,,,,,,,,,,,,,,
Qatar,QAT,,61.48073959,64.46498871,65.0602417,62.80741882,67.91561127,75.07022095,74.19249725,89.78443909,88.33686829,86.6027298,81.75639343,89.74160004,,86.09864807,84.70490265,80.70039368,69.34655762,74.48445129,74.08493805,73.19074249,73.5802536,65.95690155,64.49726105,64.06920624,59.16516876,50.77777863,,90.19149017,93.9553833,,,,99.68061066,,93.34996033,89.69415283,102.3083801,105.6922073,103.934967,,100.4810486,,96.95084381,91.6399765,91.97669983,94.20540619,95.62404633,
Romania,ROU,,,,,,,,,,,,,,,,,,,,,90.23724365,,,78.48364258,,86.11637878,87.78301239,93.0247879,,94.60498047,95.73542023,94.43769836,90.51898193,94.75662994,99.22284698,102.8416214,98.87351227,,91.71987915,93.15514374,94.6677475,97.45678711,94.66046143,,,93.4379425,91.95834351,,
Russian Federation,RUS,,,,,,,,,,,,,,,,,,,,,,,,,94.03520966,92.08796692,,,,90.24163055,90.43286896,92.27671814,,,,,,90.73075104,93.31537628,98.29653931,,96.91036224,97.9548111,100.4931488,100.3978271,101.217247,97.87658691,,
Rwanda,RWA,,21.14286041,22.9688797,25.49925995,26.71138,28.45435905,,30.42515945,27.95298004,,37.67644119,48.67353821,47.82209015,46.0737114,47.03479004,48.03042984,44.31267929,43.53422165,43.9727211,44.11912155,43.18278885,43.55448151,46.54127884,,,,,,,29.49534035,23.21241951,24.66749954,30.69866943,41.27090073,41.45891953,,,,52.37142944,69.49378967,70.87532043,,69.9070282,67.80348206,61.61635971,61.83549881,67.26457977,75.96985626,
South Asia,SAS,42.29299927,42.45682144,43.12105942,43.57128143,44.02080154,45.26586151,46.06053162,46.39012909,47.88901901,49.18680954,50.54948044,51.97180176,53.34542084,54.76834869,56.23299026,57.69348145,59.17834854,60.6524086,61.95238113,63.02758026,63.99977875,64.97412109,65.95496368,66.85961151,67.79460144,68.72400665,68.32669067,67.94090271,67.56143951,67.23555756,69.5789032,70.27388,73.09116364,76.50250244,78.81027222,81.18138123,83.09712982,85.102211,86.99920654,88.57225037,88.36360931,87.99403381,90.53848267,92.5770874,94.33892059,94.9989624,94.53085327,95.17430115,
Saudi Arabia,SAU,,,,,,,,,,39.70013046,,,,,,,,,,,,,,,,,,,,,,,,,,85.89431,,92.97331238,96.54193115,,,101.1209335,106.3980179,110.0036697,120.74366,118.2422791,114.3582993,,
Sudan,SDN,,,,,,,,,,,,,,,,,,,,,,,,,,,,,,,,,,,,,,,,,61.29724884,,57.77799988,58.35295105,58.53084946,59.55001068,60.17181015,62.06533813,
Senegal,SEN,,26.55971909,26.6354599,26.77717018,,,,,30.96677971,32.49367905,30.35247993,31.91754913,32.24829865,33.49224091,34.35298157,34.46184158,37.10292053,,42.26161957,43.09466934,42.55971909,,39.50828934,,38.26031876,,39.46134949,39.79695892,42.23112869,41.93204117,38.63547897,43.13119888,45.71585083,45.77320099,46.70333862,51.48625183,48.54790878,49.99414063,56.92528915,57.43799973,56.7715683,60.13945007,59.44857025,59.84265137,60.35475922,58.65095901,58.86642075,60.18647003,
Singapore,SGP,,,,,,,,,,,,,,,,,,,,,,,,,,,,,,,,,,,,,,,,,,,,,,,99.78926849,,
Solomon Islands,SLB,,,,,,44.08808899,,,,,67.40672302,61.99126816,55.35251999,52.85326004,48.84806061,,52.6566391,,,,60.08055115,71.64878082,68.84819794,70.12754822,72.48121643,,,,,,,,,,,,,,,,84.86022186,85.55438995,85.10575867,85.96566772,86.94611359,88.19271851,87.7434082,87.17086029,
Sierra Leone,SLE,,,,,,,,,23.20550919,,,,25.92709923,25.65291977,,,,,,,,,,,,,,,,,,,,,,,,74.37563324,,,,66.37705231,62.65943146,61.42311096,,58.25111008,66.47676849,68.28652191,
El Salvador,SLV,,40.53528976,44.25836182,49.8132782,51.25183105,51.06769943,50.35754013,51.66468048,,,,46.45833969,49.40348816,50.64080811,48.73847961,,,61.85829163,65.50327301,63.30770874,,66.47685242,67.97595215,70.81069183,,72.94251251,78.10900879,,81.78877258,,91.39714813,90.14743805,88.83112335,88.1882782,,89.43695068,89.30889893,93.63223267,95.11254883,97.85452271,100.1337738,103.7766724,103.8705063,102.3079681,100.5781784,96.72319031,93.40381622,90.76624298,
San Marino,SMR,,,,,,,,,,,,,,,,,,,,,,,,,,,,,,,,,,,,,,,,91.61676788,101.2383881,93.49845123,95.31680298,,,,,,
Somalia,SOM,,,,,,,,,,,,,,,,,,,,,,,,,,,,,,,,,,,,,,,,,,,,,,,,,
Serbia,SRB,,,,,,,,,,,,,,,,,,,,,,,,,,,,,,,,,,,,,,100.5197906,104.3832016,96.41523743,96.44892883,104.1276474,98.01016235,98.90995789,101.9012604,101.0108414,98.83048248,99.03386688,
Sub-Saharan Africa (excluding high income),SSA,,45.93373108,46.45727921,46.97603989,47.5246315,48.48703003,49.21400833,50.44913101,51.82490158,53.38455963,53.93156052,54.99692154,55.83703995,56.21657181,58.10913849,55.82366943,55.65636826,55.02249146,54.25720978,53.16456985,53.75579834,54.20568085,53.7427597,54.41873932,53.53911972,53.51747131,53.92911911,53.81528854,53.58956146,53.92829895,54.29275894,55.88806915,57.11874008,58.20677948,59.32960129,61.47518158,64.05905151,63.94717026,64.55166626,67.33061981,67.26370239,67.47564697,68.10462952,68.51950836,68.61428833,68.77644348,68.69628143,68.74703217,
South Sudan,SSD,,,,,,,,,,,,,,,,,,,,,,,,,,,,,,,,,,,,,,,,,,25.73390961,,,,,,,
Sub-Saharan Africa,SSF,,45.94298172,46.46815109,46.98648071,47.5345993,48.49655151,49.2239418,50.45779037,51.83399963,53.39281082,53.93915939,55.00305939,55.84307861,56.22372055,58.11481094,55.82920837,55.66402817,55.02886963,54.26173019,53.16949844,53.76134872,54.21162033,53.74805832,54.4236908,53.5438118,53.52217865,53.93387985,53.82025146,53.59402084,53.93278122,54.29698944,55.89260864,57.12305832,58.21094131,59.33322906,61.47932816,64.06272125,63.9505806,64.55487061,67.33309937,67.26631165,67.47823334,68.10687256,68.52174377,68.61692047,68.77896881,68.69902802,68.74980927,
Small states,SST,,71.15524292,71.56304932,71.93591309,72.95900726,72.77748108,72.1415329,71.78884125,72.49005127,73.4590683,72.31075287,74.36244965,74.40817261,73.5980835,72.64691925,73.26656342,75.23594666,74.06054688,74.27867126,73.0217514,75.02481079,74.63684845,74.47917938,73.89360046,74.1838913,73.92624664,74.86354828,76.17427063,78.67446899,79.76213074,79.71546936,79.96832275,80.97202301,81.34513855,81.20323181,80.71176147,82.04380798,82.01914978,82.45285797,82.49590302,82.51714325,82.83618927,83.78692627,84.15231323,82.29553223,82.7686615,82.72129822,82.27974701,
Sao Tome and Principe,STP,,,,,,,,52.00522995,,,58.27309036,87.09806824,112.6749268,114.2574997,111.7986221,100.9057999,,53.91519928,67.04412842,,73.91423798,,,,,,,,,47.51195145,,,54.51572037,55.35852051,70.16129303,74.08576965,,71.23596191,73.61009979,81.18508148,81.1856308,107.2297134,,95.89775085,86.96952057,,79.40231323,86.72136688,
Suriname,SUR,,,,,,,73.16603851,82.71224976,75.86978149,79.92079163,,81.93930054,89.07588959,94.78000641,93.05525208,89.69026184,,85.9021225,83.75518799,90.05976868,,,,,,,,,,,,,,,,72.90557861,80.60256195,70.09181213,82.05779266,84.48091125,87.38861847,87.20471954,88.28481293,88.14031982,92.09549713,93.21759796,91.94039154,89.1867218,
Slovak Republic,SVK,,,,,,,,,,,,,,,,,,,,,,,96.13661194,96.19185638,98.25865173,98.30158234,96.78701019,95.72351074,98.03057098,97.54325104,96.26741791,100.1305237,97.50543976,98.38574982,96.92295074,92.67681122,93.22329712,95.03526306,97.41631317,99.15538025,99.06581879,96.09583282,93.17749786,94.56887054,96.29537201,95.98979187,92.50398254,,
Slovenia,SVN,,,,,,,,,,,,,,,,,,,,,,,,93.08097839,92.39521027,93.84632111,93.49372101,94.97057343,99.24598694,99.36480713,96.30236053,96.45865631,96.61421204,101.6855621,113.6188126,,,,96.62270355,95.63864899,96.75502777,95.85883331,101.4297638,98.73876953,99.49526215,97.51605225,97.34123993,,
Sweden,SWE,,94.66490173,94.29379272,90.87000275,91.29196167,92.78714752,96.76760101,104.0283966,104.3520508,104.8415909,103.1922073,96.47241211,91.99511719,93.43540955,98.03533173,,,100.6044998,98.26322937,96.2073822,96.47728729,96.28787231,100.5098419,106.0923233,104.279068,,,,,100.4051666,99.55304718,102.261673,102.5924072,106.4890137,104.0877838,100.1336136,95.60118866,95.09332275,94.28842163,93.21740723,96.71311188,101.3979416,102.6817017,102.4661331,101.0263214,103.7707367,105.2252502,,
Eswatini,SWZ,42.27190018,40.54283905,41.54841995,49.53316116,54.31637955,56.46493149,57.5519104,57.25767136,56.09740067,55.32472992,55.44184875,58.47425842,59.70753098,61.73067093,61.53802872,62.05641174,63.26741028,62.50434875,64.71349335,61.95034027,62.67179871,60.65340042,60.44620895,60.71858978,61.79727173,63.42972183,61.08358002,61.94102097,63.60078812,60.53142929,61.58388138,59.10231018,62.20999146,60.33283997,63.0349884,66.1098938,66.64505005,73.330513,,71.50991058,75.51937103,75.43540192,75.88050079,77.10456085,75.99549103,80.58824158,85.77204895,,
Sint Maarten (Dutch part),SXM,,,,,,,,,,,,,,,,,,,,,,,,,,,,,,,,,,,,,,,,,,,,,,,,,
Seychelles,SYC,84.28874969,95.09329987,103.8926163,,99.43608856,98.52488708,102.7692337,97.97917938,102.5485382,,97.96772003,91.92285156,93.50334167,102.3780518,96.07843018,94.49256897,111.1595993,102.2967072,88.26406097,90.55589294,,101.5995331,97.71772003,97.14112091,95.80764008,,,101.6149063,98.381073,100,98.8139801,105.6543808,106.1935501,107.0542068,103.6472092,115.0273209,,112.1621628,112.1542892,106.4131165,110.5182877,112.8447571,109.7481689,112.4270172,122.5614929,122.2222214,126.5188828,114.4444427,
Syrian Arab Republic,SYR,,55.20809937,59.08805084,59.33472061,63.78942108,67.85819244,71.98912048,75.43965912,77.77348328,74.82501221,73.21997833,74.63626862,79.06899261,81.052948,82.34043121,84.90395355,86.63461304,86.9968338,86.89729309,89.70002747,89.89820862,91.45558929,95.83912659,88.01277161,90.1756134,89.594841,91.35092163,91.27105713,91.19590759,91.77102661,91.24835205,92.73813629,95.00731659,106.0466919,107.3637619,108.7735291,108.6343689,105.9939575,104.3860168,103.5995026,104.0968094,107.8649826,109.4019928,65.83268738,,,,,
Turks and Caicos Islands,TCA,,,,,,,,,,,,,,,,,,,,,,,,,,,,,,,,,,,,,,,,,,,,,,,,,
Chad,TCD,,15.2627697,,,12.94219971,,11.77488041,11.1073904,,,,,,,,,,,11.60536003,12.94888973,16.54902077,18.17415047,,,18.18516922,14.35593033,14.95248985,15.53102016,,20.0869503,22.19264984,24.43856049,27.16888046,31.99480057,33.54590988,30.15139961,29.65744019,,,31.16352081,30.95984077,34.08097076,34.59373093,37.92018127,,37.83391953,41.75954819,,
East Asia & Pacific (IDA & IBRD countries),TEA,,,,,,,,,,,,,,,,,,,96.54737854,96.51535797,96.61206818,96.6473999,93.60910034,94.95458221,96.50428009,93.35746002,90.07224274,88.97515106,89.91538239,90.8635788,92.06854248,93.38249207,92.51495361,92.08071899,91.45938873,90.77664948,90.09249115,93.7561264,99.440979,101.1663437,102.1633224,100.5863724,100.7046967,99.11620331,95.34613037,93.02825928,95.11073303,97.10394287,
Europe & Central Asia (IDA & IBRD countries),TEC,,,,,,,,,,,,,,94.5931778,94.61222076,95.22734833,95.95063782,96.00852966,98.19631195,96.09471893,96.21898651,96.24166107,96.1619873,95.5836792,95.16982269,94.16786957,93.95171356,94.33943176,94.23300171,93.99311829,93.93768311,96.06038666,96.93641663,96.44509888,97.40458679,98.43123627,96.48564911,95.23142242,95.71807861,96.712883,97.10971069,98.25467682,97.64360809,98.20809937,97.90869141,98.97003174,97.66114044,97.79901886,
Togo,TGO,,25.26165009,30.57850075,,,,42.74071121,,52.31364059,51.79494095,53.39947128,50.06322861,47.70645142,46.68484116,40.2930603,33.935009,33.70658875,32.3523407,37.58060074,30.37199974,36.3674202,36.38425064,37.1505394,,28.48357964,40.44876862,46.91687012,,,56.27716064,65.24552917,72.16606903,,72.83390045,74.80774689,74.24745941,74.03952789,,66.59152985,65.88427734,70.45018768,72.04231262,75.09017181,78.16387177,83.86569214,82.86473846,,90.88047028,
Thailand,THA,,,,,,37.54179001,39.59862137,39.91604996,40.96221924,,,71.37499237,,,,,,,,,,,,,,,,,,88.45845795,84.8779068,86.87333679,,,,,,,,,,,,,,,,93.36032867,
Tajikistan,TJK,,,,,,,,,,,,,,,,,,,,,,,,,,97.86022949,,71.40184021,,92.05554199,92.66116333,96.79260254,97.70941925,95.5739212,92.06658936,101.0851517,103.9846268,91.78095245,93.62657928,96.49508667,99.65680695,101.1368103,96.37389374,,97.31345367,98.61299133,92.88305664,92.36923981,
Turkmenistan,TKM,,,,,,,,,,,,,,,,,,,,,,,,,,,,,,,,,,,,,,,,,,,,,,,,,
Latin America & the Caribbean (IDA & IBRD countries),TLA,79.634552,80.38464355,80.97319031,81.73631287,81.92910004,82.30493927,83.07312775,84.69268799,84.83644867,85.95040894,86.96481323,87.72901917,88.36094666,89.16423798,90.07038879,89.65048981,90.70387268,91.1911087,91.32492065,91.3229599,91.40505981,91.63327789,92.95823669,93.4214325,93.79666901,94.35684204,94.90817261,95.68022919,96.66139984,96.84272003,97.73503113,97.37722015,99.23558044,98.25656128,96.37684631,97.14826202,98.23547363,99.12644196,99.01866913,98.99980164,98.98700714,99.10366058,99.84266663,99.69056702,100.074791,99.15145111,98.81069946,98.44802094,
Timor-Leste,TLS,,,,,,,,,,,,,,,,,,,,,,,,,,,,,,,,,,,,,,,76.62563324,66.77056885,66.139328,73.55886078,80.98647308,89.77059174,96.54354858,101.4016113,95.2844696,,
Middle East & North Africa (IDA & IBRD countries),TMN,48.25474167,48.22777176,48.36645889,50.47623825,52.54888153,56.03810883,57.97546005,60.63750076,60.3163414,56.28800964,59.78796005,63.53599167,64.64269257,66.23622131,69.02900696,73.7940979,72.74124146,72.5909729,73.03077698,73.37090302,75.29123688,76.08557892,77.62628174,79.03601837,79.06385803,80.87390137,81.18173981,81.37380219,81.5382309,81.67799377,80.6378479,82.50965118,83.19380188,84.59259796,88.7454834,89.84332275,86.24478149,87.40371704,90.0182724,89.10009766,91.34095001,92.16729736,93.2172699,89.84738922,89.58738708,88.98204041,88.45893097,88.70057678,
Tonga,TON,,,,,,,,81.95298004,92.83167267,111.460907,,129.578537,117.7200012,,116.7958679,96.0307312,101.9180527,,,,127.7706985,97.0515976,,111.076683,,,,,108.1236191,107.3992996,,105.5395966,,,,108.0561066,103.5555573,,,,,,100.6377029,110.9799271,,,,,
South Asia (IDA & IBRD),TSA,42.29299927,42.45682144,43.12105942,43.57128143,44.02080154,45.26586151,46.06053162,46.39012909,47.88901901,49.18680954,50.54948044,51.97180176,53.34542084,54.76834869,56.23299026,57.69348145,59.17834854,60.6524086,61.95238113,63.02758026,63.99977875,64.97412109,65.95496368,66.85961151,67.79460144,68.72400665,68.32669067,67.94090271,67.56143951,67.23555756,69.5789032,70.27388,73.09116364,76.50250244,78.81027222,81.18138123,83.09712982,85.102211,86.99920654,88.57225037,88.36360931,87.99403381,90.53848267,92.5770874,94.33892059,94.9989624,94.53085327,95.17430115,
Sub-Saharan Africa (IDA & IBRD countries),TSS,,45.94298172,46.46815109,46.98648071,47.5345993,48.49655151,49.2239418,50.45779037,51.83399963,53.39281082,53.93915939,55.00305939,55.84307861,56.22372055,58.11481094,55.82920837,55.66402817,55.02886963,54.26173019,53.16949844,53.76134872,54.21162033,53.74805832,54.4236908,53.5438118,53.52217865,53.93387985,53.82025146,53.59402084,53.93278122,54.29698944,55.89260864,57.12305832,58.21094131,59.33322906,61.47932816,64.06272125,63.9505806,64.55487061,67.33309937,67.26631165,67.47823334,68.10687256,68.52174377,68.61692047,68.77896881,68.69902802,68.74980927,
Trinidad and Tobago,TTO,,,,,,,,,,,,,112.8023834,,,95.0865097,,,96.63800049,,,99.78948212,99.22093964,97.29625702,,,87.81257629,89.82250977,,100.1177597,93.34687042,86.67118835,,89.32366943,95.03304291,91.92585754,,95.75231171,93.41674042,95.7059021,94.88200378,,,,,,,,
Tunisia,TUN,,56.9503212,53.96437836,60.03992081,60.76884079,66.47593689,65.06253052,67.48576355,70.93395233,59.51924133,61.4704895,81.66983795,62.95188141,63.5246582,67.15525818,67.72530365,70.77039337,72.11068726,71.78642273,76.48452759,81.25221252,75.11377716,69.64486694,73.97659302,80.39839935,90.13957214,87.22579956,89.44354248,,87.712883,86.83071136,88.07769775,93.43058777,97.24532318,100.703598,103.5128632,,102.842392,92.37203217,88.8050766,99.05166626,,,96.81571198,99.64298248,103.1542892,,,
Turkey,TUR,,,,,,,,,,,,,,,88.98693848,91.07639313,96.27623749,95.8568573,108.4544601,94.07012939,94.87230682,96.92414093,102.6117401,95.9693222,95.91162109,93.95210266,,,,,,,,,98.17170715,102.6173325,98.91201782,97.33722687,98.64723206,98.70105743,98.95156097,101.2483978,99.85809326,,91.56445313,92.45694733,,,
Tuvalu,TUV,,,,,,,,,,,,,,,,,,,,,,,,,,,,,,,,101.6877594,92,96.08695984,100,106.3025208,99.17012024,,,,,,,,105.0761414,112.1827393,104.0403976,,
Tanzania,TZA,,19.91960907,24.65369034,27.91518021,31.5437603,35.33283997,38.87931061,,,,,76.73474884,87.43370819,93.50895691,122.3077469,79.46556854,71.03968811,68.35605621,62.58982086,47.4916687,,62.61452103,55.25960159,58.13459015,55.754879,,,58.42346954,48.48839188,57.38077927,49.54373932,54.94683075,58.97959137,,57.36354828,54.01245117,70.46604156,80.43242645,,98.93668365,86.12348175,,77.23721313,72.38465881,,,58.36803818,,
Uganda,UGA,,,,,,40.21593094,40.32339859,,,42.12083054,,,42.65103912,,,,38.22621918,,,,,,,,,,,,,,,59.8158989,61.72571945,61.24335098,57.47301102,56.04878998,,51.93143845,56.48350906,72.52604675,55.0781517,52.84994888,53.92311859,53.88423157,57.15272903,,52.6100502,50.95178986,
Ukraine,UKR,,103.2275467,98.83748627,98.80165863,96.79080963,,98.25965881,99.24476624,100.323288,100.1708221,101.8216476,,100.7493362,96.34783173,96.27554321,95.57794952,,,94.34191895,,100.3763885,102.2845688,93.91815948,97.82563782,95.17018127,,,,101.9049911,99.68917847,96.05541229,99.41438293,101.1061096,,,117.6886292,104.3159409,100.3340683,97.59266663,94.4924469,96.11064148,96.49810028,97.75763702,103.9052963,103.429657,,,,
Upper middle income,UMC,,,,,,,,,,,,,,,,,,,96.62954712,95.9956131,96.32781219,96.81671906,95.33883667,96.08483887,97.0743866,94.85375977,92.46204376,91.64777374,92.1980896,92.51777649,93.17520905,94.16503906,94.22782898,93.58270264,93.42349243,93.40287781,92.45635986,95.00347137,99.88139343,100.9096909,101.1410217,99.99977875,99.30885315,98.35144806,94.68335724,92.70162201,94.02365112,95.45552826,
Uruguay,URY,66.35449982,69.5316391,68.88049316,71.49137878,68.11018372,,69.35128784,70.24304199,69.23204041,70.49627686,72.6469574,,,,,87.0043335,88.00466919,91.76979828,92.1032486,92.85688782,94.47891998,94.86621857,92.7411499,94.48518372,94.78092194,94.35498047,94.40300751,95.79879761,95.85984039,96.2411499,97.31004333,95.37168121,94.87264252,91.7634201,92.1880722,95.35318756,99.54340363,104.1406403,106.4385834,105.8707428,104.3407593,,,102.9897919,103.2768784,102.1828613,102.2040787,,
United States,USA,,,,,,,,,,,,,,,,,,,,,,,,,,,,,,,,,,,,,,,,,,,,,,,,,
Uzbekistan,UZB,,,,,,,,,,,,,,,,,,,,,,,,,,99.47891235,,,,96.27351379,95.51238251,100.4047394,101.961792,96.37432098,94.62915039,96.40782928,98.32704163,96.30278778,94.91950989,92.00520325,91.67417145,92.26222229,92.68975067,96.38044739,96.08554077,97.90003204,96.25427246,97.71566772,
St. Vincent and the Grenadines,VCT,,,,,,,,,,,,,,,,,,,,,,,,,,,,,,,,,,93.06667328,102.1983032,,,,109.3720703,,94.15708923,87.68328094,98.9883728,107.4922028,100.5872879,98.20456696,97.97592926,89.96710968,
"Venezuela, RB",VEN,,60.95376968,62.81875992,64.6054306,64.57266235,65.26912689,63.97172165,64.23719025,65.09094238,65.36000824,69.05576324,71.68694305,75.92579651,76.80518341,76.4757309,78.39891052,79.59832764,79.19991302,79.08776093,79.22650909,78.95532227,81.47583771,85.00052643,84.14309692,,,80.3300705,80.12429047,,80.28949738,81.92120361,83.28504944,89.94087219,87.84185028,87.97897339,89.77500916,93.62915802,95.64591217,93.43395996,93.44657898,92.26805115,93.64473724,95.03117371,95.0806427,96.01145172,94.99336243,91.98770142,89.10246277,
British Virgin Islands,VGB,,,,,,,,,,,,,,,,,,,,,,,,,,,,,,,,,99.74160004,90.60913849,97.01493073,90.79902649,89.64705658,75.91742706,,69.93602753,,78.41880035,84.04254913,88.32272339,77.52101135,88.14968872,81.10883331,,
Virgin Islands (U.S.),VIR,,,,,,,,,,,,,,,,,,,,,,,,59.65359116,,,,,,,,,,,,,,,,,,,,,,,,,
Vietnam,VNM,,,,,,,,,,81.45162201,,,,,,,,,,,,,,,,,,,,99.00254822,99.02903748,104.4315872,101.4565964,100.1880112,,93.10263062,96.77851868,,,,,102.536377,101.8580704,99.12854004,106.088829,103.9991684,104.7572021,,
Vanuatu,VUT,,,,,,,,,,,,,,,,,,,,,,,83.71753693,,74.95491028,,,,94.27632141,,92.09512329,106.0382919,,,90.83924103,,,83.5632019,81.00733185,84.3533783,83.61116028,,,93.77026367,,,,,
World,WLD,74.15396118,74.17211914,74.38207245,74.88516998,75.08569336,75.6986084,76.193367,76.93537903,77.46427917,77.87290192,78.82872772,79.50566864,79.77841949,80.22412872,81.17453003,81.50705719,81.63694,81.45834351,81.43260956,81.00089264,81.20448303,81.37718201,80.90376282,81.59880829,82.0249176,81.39552307,80.48258972,80.18939972,80.46842194,80.73609924,81.75427246,82.63749695,83.1947937,83.88735962,84.38542938,85.07582092,85.45475769,86.95529938,88.93070984,90.05838776,90.20738983,89.73716736,90.60176086,90.58072662,90.15367126,89.74344635,89.76503754,90.30317688,
Samoa,WSM,,,,,,,,,,,,,,,,,,,,,,,,,95.06458282,94.27593994,92.96910858,98.95713043,97.59538269,95.10027313,94.02619934,92.20979309,96.75534821,100.1709366,98.33582306,105.6754379,105.6587296,110.4244614,,104.6429367,106.4866104,104.1454163,102.4120407,,100.4094772,103.3926697,104.5649872,100.8598328,
Kosovo,XKX,,,,,,,,,,,,,,,,,,,,,,,,,,,,,,,,,,,,,,,,,,,,,,,,,
"Yemen, Rep.",YEM,,,,,,,,,,,,,,,,,,,,,,,,,,,,,,54.48699951,,57.54499817,56.77336121,59.89960098,59.0475502,58.88333893,,,62.39873886,,64.46389008,,68.98609924,68.91718292,,,71.58748627,,
South Africa,ZAF,,,,,,,,,,,,,,,,,,,,,,73.45237732,,,,,,,87.2678299,82.72286224,84.36528778,,89.48554993,92.89246368,97.0754776,,,,,,,,,,,83.71096039,81.67077637,,
Zambia,ZMB,,,68.70359802,70.37507629,74.07525635,75.50923157,75.91339111,78.06388855,82.84819794,81.91847992,82.56477356,83.23158264,85.13037872,87.15770721,92.32984161,,90.30682373,,,,,,,,,,,,64.14012909,61.77967072,59.23942184,,58.63100815,,69.23439789,80.27541351,81.55075836,85.18871307,88.90992737,83.07878876,95.39658356,,86.06678009,78.65161896,,,,,
Zimbabwe,ZWE,,,,,,,,,,,,,,,85.43900299,,,,,,,,,,,,,,,93.33759308,,92.6124115,86.21835327,84.36116028,,,,,,,,,88.06185913,88.94716644,,,,,