Country Name,Country Code,1991,1992,1993,1994,1995,1996,1997,1998,1999,2000,2001,2002,2003,2004,2005,2006,2007,2008,2009,2010,2011,2012,2013,2014,2015,2016,2017,2018
Aruba,ABW,,,,,,,,,1.011919975,0.992659986,0.999490023,0.989000022,0.97706002,0.952910006,0.963389993,0.967980027,0.98676002,1.005849957,1.00443995,1.014600039,1.008710027,1.021559954,,,,,,
Afghanistan,AFG,0.537329972,,0.360570014,0.430079997,0.471689999,,,,,,0,,0.543560028,0.405900002,0.548759997,0.575460017,0.570230007,0.58969003,0.613699973,0.630020022,0.668110013,0.674070001,0.660059988,0.658649981,0.651989996,,0.649800003,
Angola,AGO,,,,,,,,0.804139972,,,,,,,,,,0.818610013,0.809780002,0.765339971,0.620949984,,,,,,,
Albania,ALB,0.944400012,1.005169988,1.034379959,0.995090008,0.971069992,0.975199997,0.958239973,,0.955540001,0.962960005,0.973630011,,,0.966390014,0.964280009,0.970939994,0.982150018,0.984149992,1.000579953,0.986819983,0.979290009,0.969699979,0.95747,0.94569999,0.942780018,0.945469975,0.952170014,
Andorra,AND,,,,,,,,,,,,,,,,,,,,,,,,,,,,
Arab World,ARB,0.799419999,0.813189983,0.820729971,0.823870003,0.83743,0.822539985,0.845799983,0.856999993,0.868219972,0.877009988,0.885930002,0.894840002,0.902939975,0.906539977,0.91328001,0.91681999,0.919679999,0.922150016,0.923099995,0.924329996,0.922850013,0.929040015,0.929589987,0.930970013,0.93471998,0.935060024,0.935829997,
United Arab Emirates,ARE,1.036219954,1.036640048,1.035740018,1.019870043,1.005749941,,1.031319976,1.044989944,,,,,,,,,,,,,,,,,,0.952809989,,
Argentina,ARG,,,,,,1.025349975,1.028370023,1.017079949,1.031509995,1.024019957,1.025169969,1.024379969,1.027160048,1.031679988,1.035869956,1.042490005,1.048009992,1.050999999,1.047979951,1.035979986,1.039739966,1.03373003,1.030099988,1.029659986,1.02662003,1.018970013,,
Armenia,ARM,,,,,,,,,,1.071140051,,,,,,,1.006029963,0.995689988,0.98992002,0.995280027,1.007719994,,1.028920054,1.040169954,1.037870049,,,
American Samoa,ASM,,,,,,,,,,,,,,,,,,,,,,,,,,,,
Antigua and Barbuda,ATG,,0.947229981,,,,,,,,,,,,,,,0.969609976,0.951690018,0.975929976,0.956619978,0.952409983,1.026200056,,0.962080002,0.976769984,,0.96232003,
Australia,AUS,,,1.000530005,0.996510029,0.995760024,0.997550011,1.019899964,,,,,,,,,,,,,,,,,,0.925260007,0.924979985,0.937179983,
Austria,AUT,0.946959972,0.946590006,0.951439977,0.955340028,0.955839992,0.960539997,0.965650022,0.961279988,0.966949999,0.969690025,0.969579995,0.964429975,0.963419974,0.963039994,0.966250002,0.969860017,0.968800008,0.965539992,0.965139985,0.968649983,0.970080018,0.971759975,0.973429978,0.972940028,0.973330021,0.971989989,0.968400002,
Azerbaijan,AZE,0.996630013,0.983900011,0.961260021,0.93900001,1.059910059,1.060050011,1.030290008,,,,,,,,,,,,,,,,,,,,,
Burundi,BDI,0.806590021,0.788990021,0.791010022,,,,,,,,,,0.783550024,0.800819993,0.816160023,0.858340025,0.868920028,,0.891560018,0.903259993,0.91821003,0.930499971,0.942009985,0.965309978,0.979210019,0.991580009,1.002329946,
Belgium,BEL,1.019299984,1.017099977,1.037469983,1.037940025,1.045320034,1.043359995,,,1.041759968,1.057279944,1.063420057,1.068310022,1.057520032,1.056550026,1.069919944,1.074749947,1.079810023,1.087859988,1.089609981,1.083389997,1.081900001,1.082509995,1.082190037,1.079849958,1.080549955,1.069659948,,
Benin,BEN,,,,,,,,,0.61461997,0.633329988,0.646290004,0.661450028,0.673150003,0.694509983,,,,,,,0.809689999,,0.834890008,0.847890019,0.859269977,0.877080023,,
Burkina Faso,BFA,,,,0.63894999,,,,,0.684109986,0.700230002,0.712759972,,0.737219989,0.766600013,0.782329977,0.799489975,0.817929983,0.839980006,0.856069982,0.877110004,0.893410027,0.914619982,0.936890006,0.94828999,0.960349977,0.971310019,0.982140005,
Bangladesh,BGD,,,,,,,,,,,,,,,1.054020047,1.056499958,1.065039992,1.086140037,1.060289979,1.086590052,,,,,,,1.117630005,
Bulgaria,BGR,0.994530022,0.995519996,0.992959976,0.997579992,0.994870007,0.988250017,0.990029991,0.981280029,0.97913003,0.977029979,0.977400005,0.978559971,0.978670001,0.969210029,0.968240023,0.969309986,0.969359994,0.977339983,0.976840019,0.970499992,0.96645999,0.969649971,0.966859996,0.97438997,0.975229979,0.976090014,,
Bahrain,BHR,1.024369955,1.036430001,1.039600015,1.037199974,1.023069978,1.018919945,1.025200009,1.024659991,1.024629951,1.02974999,1.053339958,1.065879941,1.071040034,1.069429994,1.069159985,1.072110057,,,,,0.998660028,1.014299989,1.016690016,1.012199998,1.004480004,1.014940023,1.005720019,
"Bahamas, The",BHS,,1.014940023,1.018139958,,1.001719952,,1.108759999,,0.974609971,,,1.016919971,,0.987940013,0.99022001,0.995769978,1.008219957,1.005100012,1.02373004,1.035740018,,,,,,1.05648005,,
Bosnia and Herzegovina,BIH,,,,,,,,,,,,,,,,,,,,,,,,,,,,
Belarus,BLR,,,,,,,,1.010050058,,,,,,,,,,0.977219999,0.976419985,0.97736001,0.977490008,0.976689994,0.984730005,0.989499986,0.991770029,0.991460025,0.989269972,
Belize,BLZ,0.982990026,,,0.970160007,0.978929996,,,,0.995180011,0.98496002,0.990159988,,0.997720003,1.002660036,0.983309984,0.993700027,1.006010056,0.999140024,1.000130057,1.003849983,0.996609986,0.989400029,0.988380015,0.988600016,0.98032999,0.976010025,0.99000001,
Bermuda,BMU,,,,,,,,,,,1.040179968,1.061650038,1.079890013,1.108999968,1.089210033,1.081730008,,,,,1.072679996,1.06032002,1.065179944,1.050330043,1.044589996,,,
Bolivia,BOL,,,,,,,,0.952759981,0.956009984,0.953459978,0.955749989,0.95796001,0.961650014,0.964900017,0.969780028,0.974420011,0.978429973,0.980130017,0.982339978,0.983070016,0.985679984,0.985620022,0.981130004,0.978919983,0.977419972,0.978380024,0.97536999,
Brazil,BRA,,,,,,,,,,,,1.012959957,1.035449982,1.033529997,1.028849959,,1.043990016,1.038730025,1.044160008,,1.025930047,1.028939962,1.02651,1.032660007,1.015450001,1.016980052,,
Barbados,BRB,,,,,,,,,1.01564002,1.006909966,0.995599985,0.995400012,0.994480014,0.992129982,0.993089974,1.000319958,1.009359956,1.01275003,1.011800051,1.011530042,1.017879963,,,1.018839955,1.018710017,1.029819965,1.01078999,
Brunei Darussalam,BRN,0.99861002,1.013779998,1.016520023,1.003859997,,,,0.985029995,0.981249988,0.982010007,0.977310002,0.972869992,0.978540003,0.972530007,0.972259998,0.978699982,0.984260023,0.989790022,0.994830012,1.001039982,0.994449973,1.002169967,1.008669972,0.99842,0.998889983,1.002879977,1.004359961,
Bhutan,BTN,,,,,,,,0.819819987,0.836880028,0.856939971,0.881079972,,,,0.946770012,0.963880002,0.973659992,0.991060019,1.014260054,1.022760034,1.027969956,1.03500998,1.037310004,1.040320039,1.034119964,1.044219971,1.043830037,
Botswana,BWA,1.08750999,1.075219989,1.057989955,1.04192996,1.035339952,,,1.023710012,1.021780014,1.020290017,1.013759971,1.011610031,1.011260033,1.003430009,0.999849975,1.00346005,1.000069976,1.010480046,,,,,,,,,,
Central African Republic,CAF,0.605400026,0.619650006,,,,,,,,,0.658980012,,,,,,,,0.686320007,,0.693769991,0.701430023,,,,0.745689988,,
Canada,CAN,0.994409978,0.992320001,0.990040004,0.990190029,0.993650019,0.993780017,,0.996410012,1.009369969,1.010509968,,,,,0.984250009,0.985819995,0.985880017,0.986240029,0.98785001,0.989390016,0.992070019,1.003419995,1.006080031,1.008229971,1.008069992,1.007869959,,
Central Europe and the Baltics,CEB,1.001309991,1.011240005,1.00383997,1.005779982,1.010570049,1.007850051,1.001899958,1.001350045,0.999859989,0.997370005,0.996190012,0.994189978,0.99119997,1.001449943,0.997460008,0.995710015,0.995299995,0.995400012,0.996290028,0.994229972,0.991609991,0.992500007,0.988470018,0.989629984,0.993210018,0.994180024,0.994319975,
Switzerland,CHE,0.969789982,0.972360015,0.955560029,0.960979998,0.963670015,0.968050003,,0.956239998,0.960870028,0.967199981,0.974720001,0.971759975,0.969940007,0.96469003,0.966929972,0.967299998,0.969739974,0.972180009,0.975189984,0.981519997,0.983770013,0.983169973,0.985310018,,0.979340017,0.976130009,,
Channel Islands,CHI,,,,,,,,,,,,,,,,,,,,,,,,,,,,
Chile,CHL,0.996519983,0.999909997,1.008890033,,,,,0.999050021,0.99879998,0.995029986,,0.994239986,0.992190003,0.981599987,0.98229003,0.986370027,0.986790001,0.986010015,0.989090025,1.000949979,1.000010014,1.002640009,0.992139995,0.992030025,0.991100013,0.992060006,0.99168998,
China,CHN,0.86036998,0.874170005,0.881269991,0.901970029,0.915700018,0.928740025,0.936039984,,,,0.965690017,,0.966019988,,,0.989329994,0.992699981,0.998109996,1.004600048,0.990350008,0.994029999,0.99883002,1.007809997,1.011240005,1.013380051,1.011940002,1.01504004,
Cote d'Ivoire,CIV,,,,,,,,,0.692879975,,,,,,,,,,,,,,,0.816569984,0.825030029,0.838060021,0.852980018,
Cameroon,CMR,0.827839971,0.870790005,,,0.846989989,,0.854680002,0.806909978,0.827400029,,0.85522002,0.802429974,0.850300014,0.843379974,0.828779995,0.83039999,0.84029001,0.844889998,0.858539999,,0.863550007,0.871200025,,0.878560007,0.884859979,0.886900008,,
"Congo, Dem. Rep.",COD,,0.698469996,0.706579983,0.672919989,0.67019999,,,,,,,,,,,,0.739859998,0.76394999,0.77433002,0.787810028,0.788980007,0.801110029,0.827769995,0.828859985,0.889490008,,,
"Congo, Rep.",COG,,0.887700021,,,,0.878899992,,,,,,0.885299981,0.859860003,0.909669995,,,,,,,,1.001809955,,,,,,
Colombia,COL,1.075790048,1.10473001,1.072199941,,1.053050041,1.017349958,,1.028210044,1.043480039,1.037940025,,1.036720037,,1.038579941,1.034819961,1.042539954,1.046309948,1.043660045,1.046350002,1.038429976,1.026939988,1.026749969,1.026980042,1.022770047,1.019449949,1.017560005,1.011489987,
Comoros,COM,,,,,,,,,0.844799995,,,0.828880012,0.826889992,0.848070025,,,,,,,,,0.975329995,0.979799986,,,0.993149996,
Cabo Verde,CPV,,,,0.979170024,,,,,,,1.008870006,1.003260016,1.012429953,1.016409993,1.023409963,1.049790025,1.054299951,1.018759966,1.041429996,1.043799996,1.036370039,1.036579967,1.025889993,1.015859962,1.010740042,1.007329941,1.005929947,
Costa Rica,CRI,1.000540018,1.001219988,1.006680012,1.007449985,1.009860039,1.014000058,1.013000011,1.009269953,1.005900025,1.000550032,1.008440018,0.999270022,,1.000970006,1.000620008,1.005169988,1.002359986,1.006739974,1.008069992,1.007339954,1.008370042,1.009979963,1.021270037,1.022029996,1.016729951,1.029330015,,
Caribbean small states,CSS,1.020329952,1.014479995,1.009690046,1.012470007,1.012509942,1.017099977,1.017930031,1.012300014,1.011510015,1.011389971,1.00959003,1.021070004,1.019009948,1.01770997,1.021000028,1.023200035,1.023579955,1.022109985,1.01335001,1.026759982,1.030439973,1.032349944,1.024639964,1.028540015,1.041599989,1.023790002,1.025339961,
Cuba,CUB,1.061200023,1.070629954,1.054460049,1.040779948,1.041000009,0.994229972,1.016049981,,0.995019972,0.988569975,0.993489981,0.972010016,0.971310019,0.989260018,0.993820012,0.999570012,0.993449986,0.994140029,0.995760024,0.994650006,0.995980024,1.003600001,0.998690009,0.989099979,0.991240025,0.996659994,0.989499986,
Curacao,CUW,,,,,,,,,,,,,,,,,,,,,,,1.002339959,,,,,
Cayman Islands,CYM,,,,,,,,,,,,,,,,,,,,,,,,,,,,
Cyprus,CYP,1.011819959,1.013030052,1.00917995,1.005810022,1.003640056,1.007300019,1.011710048,,1.012959957,1.011980057,1.005839944,1.011540055,1.010329962,1.011489987,1.009080052,1.007419944,1.006119967,1.000650048,1.001860023,1.006170034,1.004349947,1.008550048,1.003299952,1.004459977,0.996190012,,,
Czech Republic,CZE,0.981519997,1.07980001,1.050359964,1.009639978,1.021100044,1.021589994,1.021520019,1.028360009,1.023229957,1.010720015,1.017279983,1.014310002,1.012590051,1.005470037,1.00722003,1.00880003,1.007050037,1.00632,1.00643003,1.002320051,0.999249995,1.000910044,1.004729986,1.002990007,1.007159948,1.007179976,,
Germany,DEU,,0.983640015,0.970160007,0.973580003,0.974370003,0.976040006,0.978590012,0.978079975,0.980910003,0.984529972,0.985379994,0.98427999,0.982219994,0.98259002,0.982509971,0.980180025,0.982190013,0.980180025,0.962480009,0.963479996,0.962350011,0.963360012,0.965879977,0.965749979,0.965129972,0.960829973,,
Djibouti,DJI,,0.714789987,0.776970029,0.766889989,0.755720019,0.747039974,0.738160014,,0.717819989,0.713980019,0.711279988,0.720200002,,0.758740008,0.762600005,0.764829993,0.801119983,0.806540012,0.823870003,,0.858879983,0.837379992,0.826269984,0.841210008,0.845109999,0.852909982,0.862609982,0.858759999
Dominica,DMA,,,,,,,,,1.127830029,1.056660056,1.042590022,1.049020052,1.056789994,1.036919951,1.035079956,1.024369955,1.019899964,1.003149986,1.03591001,1.029719949,1.026360035,,,0.991590023,0.982050002,,,
Denmark,DNK,1.008479953,1.009220004,1.013810039,1.014960051,1.017310023,1.013299942,,1.023390055,1.029099941,1.023859978,1.027119994,1.026569963,,1.024430037,1.018859982,1.018069983,1.017050028,1.018129945,1.012400031,1.005759954,1.005579948,1.002429962,1.009050012,1.016829967,1.018409967,1.009670019,,
Dominican Republic,DOM,,,,,,,,1.043779969,1.047600031,1.040570021,,1.070870042,,1.025969982,1.036069989,,1.034819961,1.028370023,0.964269996,0.972350001,0.989489973,0.986469984,0.988099992,0.985199988,0.98536998,0.990230024,0.99357003,
Algeria,DZA,0.829490006,0.842630029,0.85443002,0.870299995,0.883539975,0.895169973,0.91832,,0.948809981,0.964049995,0.97378999,0.979789972,0.990159988,0.995410025,0.998780012,1.000740051,1.000749946,0.985620022,0.978399992,0.992929995,0.994189978,,,,,,,
East Asia & Pacific (excluding high income),EAP,0.892809987,0.903840005,0.906239986,0.922070026,0.929270029,0.936810017,0.943080008,0.949859977,0.959190011,0.96438998,0.968439996,0.968129992,0.970279992,0.978209972,0.983020008,0.987609982,0.989560008,0.993820012,0.997619987,0.994620025,0.997569978,0.99901998,0.99962002,1.002740026,1.001449943,1.004320025,1.00395,
Early-demographic dividend,EAR,0.80114001,0.80844003,0.818359971,0.826380014,0.82968998,0.833519995,0.845579982,0.854780018,0.866729975,0.872380018,0.880069971,0.890460014,0.927030027,0.929250002,0.936389983,0.943050027,0.95134002,0.964460015,0.976119995,0.98119998,0.986410022,0.988690019,1.014870048,1.015969992,1.016860008,1.029520035,1.030380011,
East Asia & Pacific,EAS,0.904940009,0.914650023,0.916800022,0.930620015,0.937170029,0.943859994,0.949280024,0.955200016,0.96351999,0.968190014,0.971880019,0.971490026,0.973320007,0.98040998,0.984790027,0.988860011,0.990490019,0.994340003,0.997739971,0.994889975,0.997529984,0.99879998,0.999260008,1.00206995,1.000800014,1.00346005,1.00304997,
Europe & Central Asia (excluding high income),ECA,0.969860017,0.971080005,0.970950007,0.972419977,0.970830023,0.971239984,0.97220999,0.967499971,0.963959992,0.965789974,0.960910022,0.959479988,0.95638001,0.959980011,0.962400019,0.966929972,0.968649983,0.972790003,0.978910029,0.978070021,0.977710009,0.982559979,0.98585999,0.987349987,0.987990022,0.988839984,0.989950001,
Europe & Central Asia,ECS,0.989709973,0.991580009,0.989400029,0.987280011,0.986530006,0.987469971,0.987190008,0.98514998,0.983699977,0.98417002,0.982349992,0.980639994,0.979780018,0.98202002,0.982439995,0.984200001,0.985080004,0.986639977,0.987810016,0.986750007,0.986379981,0.988319993,0.994080007,0.994579971,0.994300008,0.999289989,0.999499977,
Ecuador,ECU,,,0.995959997,,,1.007640004,,1.00988996,1.007200003,1.001510024,1.00612998,1.000890017,1.003939986,0.998340011,1.000509977,1.001449943,1.002110004,,1.022539973,1.017379999,1.019279957,1.024270058,1.020630002,1.019850016,1.020169973,1.01899004,,
"Egypt, Arab Rep.",EGY,0.82348001,0.855579972,0.862820029,0.851010025,0.885749996,0.811240017,0.876829982,,0.923120022,0.932860017,0.941929996,,0.950540006,0.95747,,,,,0.975910008,0.971140027,0.968930006,0.985199988,0.985499978,0.995620012,,0.992739975,0.993579984,
Euro area,EMU,1.007210016,1.008730054,1.008329988,1.001189947,0.999859989,1.001829982,1.000159979,0.99879998,0.999490023,0.998600006,1.000360012,0.997739971,0.998390019,0.999639988,0.998650014,0.997189999,0.997979999,0.997380018,0.993170023,0.992150009,0.991209984,0.990989983,0.994099975,0.994229972,0.993340015,0.99346,0.992860019,
Eritrea,ERI,,,0.823679984,0.789099991,0.787069976,0.797190011,0.798179984,,0.789099991,0.784690022,0.788969994,0.752579987,0.756169975,0.715390027,0.725600004,0.728519976,0.786629975,0.781369984,0.782700002,0.809620023,0.814090014,0.818570018,0.936150014,0.836310029,0.855799973,,0.874199986,
Spain,ESP,1.038720012,1.045420051,1.048239946,1.049640059,1.050889969,1.055040002,1.031309962,1.035750031,1.034950018,1.034080029,1.031479955,1.034450054,1.028499961,1.031900048,1.02955997,1.028139949,1.030329943,1.027950048,1.021289945,1.009879947,1.003370047,1.001870036,1.007750034,1.007619977,1.004359961,1.009039998,,
Estonia,EST,,1.02500999,1.022250056,1.050490022,1.044139981,1.036990047,,1.016600013,1.018630028,1.023290038,1.017940044,1.017740011,1.023499966,1.017099977,1.010280013,1.014490008,1.014600039,1.013030052,1.005290031,0.993799984,0.991479993,0.99267,0.99308002,0.99526,0.998870015,1.004570007,,
Ethiopia,ETH,0.695010006,0.759429991,0.745100021,0.675339997,0.636049986,0.605130017,,,0.622959971,0.657289982,0.687609971,0.697950006,0.700119972,0.735249996,0.782710016,0.814029992,0.836030006,0.862370014,0.891789973,0.900810003,0.911610007,0.921940029,,,0.920340002,,,
European Union,EUU,1.007789969,1.010710001,1.006800056,1.002500057,1.002850056,1.004099965,1.002249956,1.002840042,1.003299952,1.002329946,1.003250003,1.001340032,1.002349973,1.002889991,1.001019955,0.999949992,0.999530017,0.998480022,0.995490015,0.993749976,0.993200004,0.992760003,1.000339985,1.000399947,0.999559999,1.007879972,1.007419944,
Fragile and conflict affected situations,FCS,0.771690011,0.774689972,0.772629976,0.76564002,0.764680028,0.763580024,0.761699975,0.76226002,0.773699999,0.777809978,0.774850011,0.779079974,0.791260004,0.776690006,0.801599979,0.806900024,0.81171,0.819700003,0.825990021,0.834490001,0.840979993,0.846780002,0.851970017,0.853250027,0.868990004,0.87421,0.874490023,
Finland,FIN,1.094009995,1.106099963,1.091689944,1.086130023,1.077929974,1.092210054,1.073989987,1.051959991,1.047700047,1.048419952,1.054469943,1.056599975,1.052710056,1.020230055,1.020059943,1.020630002,1.022279978,1.022429943,1.023620009,1.022510052,1.021090031,1.021819949,1.054170012,1.056519985,1.05697,1.057549953,,
Fiji,FJI,0.983810008,0.998220026,,,,,,1.026000023,1.043069959,1.03113997,1.027830005,1.038499951,1.030699968,1.022830009,,1.03918004,1.044360042,1.031180024,1.036929965,,1.040089965,1.055830002,,,,,,
France,FRA,1.02452004,1.021639943,1.017529964,0.990249991,0.986980021,0.989250004,0.992070019,0.993529975,0.995440006,0.996110022,0.997730017,0.999239981,1.002419949,1.001489997,0.998440027,0.995469987,0.997829974,0.997569978,0.998329997,1.00079,1.003250003,1.00304997,1.005679965,1.007339954,1.003569961,1.002249956,,
Faroe Islands,FRO,,,,,,,,,,,,,,,,,,,,,,,,,,,,
"Micronesia, Fed. Sts.",FSM,,,,,,,,,,,,,,1.018959999,1.02244997,,,,,,,,,,,,,
Gabon,GAB,,,,0.976899981,0.959510028,0.975229979,0.967190027,,0.970350027,,,,,,,,,,,,,,,,,,,
United Kingdom,GBR,1.021989942,1.018409967,,,,,,1.002580047,1.003900051,1.005589962,1.005089998,1.008340001,1.019490004,1.015980005,1.016080022,1.018679976,1.012910008,1.007609963,1.004989982,0.999660015,1.003509998,1.000349998,1.025179982,1.022369981,1.017680049,1.067409992,,
Georgia,GEO,0.983690023,0.970359981,0.964569986,0.943279982,0.949039996,0.993019998,0.985119998,,0.996779978,0.99624002,1.011489987,1.002599955,0.98755002,0.980130017,0.976289988,1.010480046,,0.970879972,,,,,0.999989986,1.009209991,1.014979959,1.01244998,1.01256001,
Ghana,GHA,,,,,0.839940012,,,,0.885959983,0.896990001,0.910210013,0.911390007,0.913129985,0.902440012,0.915139973,0.934199989,0.943340003,0.946619987,0.944729984,,0.95717001,0.96092999,0.965260029,0.977379978,0.982029974,0.997489989,0.998920023,1.004420042
Gibraltar,GIB,,,,,,,,,,,,,,,,,,,,,,,,,,,,
Guinea,GIN,0.429149985,,0.434289992,0.451200008,,0.487760007,,,0.561890006,,0.624880016,0.647700012,0.677169979,0.688499987,0.712000012,0.730939984,,0.756990016,,,0.781750023,,,0.787739992,,,,
"Gambia, The",GMB,,0.652660012,0.665359974,0.681829989,0.691340029,0.73536998,,,,,,,,,,,,1.01323998,1.011049986,0.998510003,,,,,,,,
Guinea-Bissau,GNB,,,,,,,,,,0.648909986,,,,,,,,,,,,,,,,,,
Equatorial Guinea,GNQ,,,0.816990018,0.866980016,,,,,,0.727280021,,0.864329994,,,0.905059993,,,,,,,,,,,,,
Greece,GRC,0.987559974,0.99296999,1.008859992,0.980970025,1.016459942,1.016149998,1.022050023,1.022930026,1.021569967,1.029989958,1.02252996,1.00248003,0.994140029,0.979600012,0.965759993,0.961969972,0.951550007,,,0.958819985,0.969550014,0.969500005,0.971220016,0.965430021,0.961749971,0.967739999,,
Grenada,GRD,,,1.04313004,,,,,,,,,1.032680035,0.986620009,1.013080001,0.993160009,,0.979149997,0.930320024,0.967809975,0.994809985,,,0.968659997,0.987640023,0.977069974,0.994459987,0.988960028,
Greenland,GRL,,,,,,,,,,,,,,,,,,,,,,,,,,,,
Guatemala,GTM,,,0.867600024,,,0.865629971,,0.875100017,0.86638999,0.897010028,0.904659986,0.911300004,,0.923690021,0.930589974,0.938380003,0.946500003,0.954240024,0.964259982,0.966210008,0.966939986,0.964299977,0.960070014,0.96201998,0.958909988,0.95976001,0.962610006,
Guam,GUM,,,,,,,,,,,,,,,,,,,,,,,,,,,,
Guyana,GUY,,,,,,,,,0.984849989,,0.993860006,,,,1.013739944,,0.987940013,1.015599966,1.008579969,1.027830005,1.028460026,1.032420039,,,,,,
High income,HIC,0.999440014,0.999549985,0.997759998,0.995899975,0.999530017,0.99883002,1.003329992,1.00830996,1.007889986,1.000669956,1.00383997,1.001049995,1.001729965,1.003409982,1.002020001,1.000929952,1.000830054,0.999499977,1.000239968,0.996320009,0.996680021,0.994390011,0.996890008,0.997160017,0.997290015,0.997150004,0.997539997,
"Hong Kong SAR, China",HKG,,,,,,1.024610043,,,,,,,,,,,,,,,,0.990419984,0.977800012,0.974259973,0.973779976,0.972500026,0.968509972,
Honduras,HND,1.043009996,,,,,,,,,,,,,,,1.062090039,1.07280004,1.074859977,,1.069880009,1.065850019,1.064630032,1.060359955,1.043380022,1.05783999,1.050490022,1.047000051,
Heavily indebted poor countries (HIPC),HPC,0.774479985,0.778069973,0.779320002,0.776449978,0.772409976,0.768159986,0.773800015,0.774810016,0.791390002,0.799300015,0.803390026,0.805459976,0.815550029,0.811020017,0.832019985,0.842700005,0.848770022,0.858120024,0.868629992,0.877399981,0.886370003,0.892620027,0.899590015,0.902149975,0.911740005,0.915799975,0.918219984,
Croatia,HRV,,,1.03076005,1.024940014,1.024539948,1.022420049,1.01564002,1.011219978,1.010310054,1.010830045,1.009199977,1.009340048,1.008780003,,1.022609949,1.022850037,1.024700046,1.026319981,1.027089953,1.049909949,1.027619958,1.02737999,1.024940014,1.024690032,1.033849955,1.034080029,,
Haiti,HTI,,,,,,,,,,,,,,,,,,,,,,,,,,,,
Hungary,HUN,1.002089977,1.00169003,,1.018380046,1.019999981,1.018390059,1.015190005,1.009160042,1.003370047,0.99891001,0.99883002,0.998820007,0.995710015,0.988370001,0.98664999,0.987909973,0.990779996,0.986079991,0.990040004,0.988919973,0.986010015,0.986220002,1.001459956,1.001739979,1.002799988,0.993430018,,
IBRD only,IBD,0.868369997,0.875339985,0.881470025,0.890699983,0.896120012,0.900139987,0.907779992,0.915750027,0.923099995,0.926249981,0.930029988,0.93520999,0.958500028,0.962769985,0.96566999,0.969720006,0.974919975,0.98348999,0.992879987,0.989989996,0.992330015,0.995660007,1.018890023,1.021450043,1.020249963,1.031010032,1.030060053,
IDA & IBRD total,IBT,0.848659992,0.855319977,0.860909998,0.869260013,0.874450028,0.879069984,0.88628,0.893339992,0.901109993,0.904799998,0.908580005,0.912039995,0.932089984,0.933640003,0.93937999,0.944090009,0.949199975,0.957379997,0.965449989,0.965070009,0.968079984,0.972559988,0.989099979,0.991630018,0.992389977,0.999310017,0.999650002,
IDA total,IDA,0.766669989,0.773899972,0.778490007,0.784560025,0.789690018,0.797010005,0.805079997,0.810609996,0.822109997,0.830609977,0.837310016,0.838050008,0.850419998,0.84574002,0.864000022,0.873749971,0.881200016,0.890990019,0.898490012,0.906930029,0.913609982,0.922599971,0.924059987,0.928049982,0.934650004,0.933809996,0.937870026,
IDA blend,IDB,0.765429974,0.772650003,0.775110006,0.782519996,0.789910018,0.801620007,0.80647999,0.806429982,0.808650017,0.813660026,0.821099997,0.812189996,0.833779991,0.834410012,0.84890002,0.859009981,0.867690027,0.877040029,0.889379978,0.890129983,0.894529998,0.913609982,0.913259983,0.91663003,0.915679991,0.90763998,0.910619974,
Indonesia,IDN,0.938709974,0.945840001,0.928080022,0.934549987,0.931940019,0.93167001,,,0.96487999,0.970300019,0.978330016,0.980679989,0.982670009,0.986630023,0.97536999,0.983060002,0.981760025,0.988950014,0.988460004,1.027160048,1.02839005,1.013630033,0.989000022,0.985499978,0.987049997,0.995249987,0.990379989,
IDA only,IDX,0.768410027,0.775730014,0.781639993,0.786710024,0.79023999,0.794889987,0.804660022,0.813220024,0.829900026,0.840300024,0.846329987,0.85145998,0.858919978,0.851629972,0.871720016,0.881009996,0.887610018,0.897109985,0.902400017,0.914510012,0.922349989,0.92663002,0.929229975,0.933189988,0.943289995,0.945860028,0.950339973,
Isle of Man,IMN,,,,,,,,,,,,,,,,,,,,,,,,,,,,
India,IND,,,0.730729997,0.742370009,0.74247998,0.749750018,0.762000024,,0.782090008,0.787329972,0.795109987,0.815720022,0.900129974,,,,0.929709971,0.954890013,0.978579998,0.978699982,0.989109993,0.995069981,1.065009952,1.063770056,1.066089988,1.092859983,,
Not classified,INX,,,,,,,,,,,,,,,,,,,,,,,,,,,,
Ireland,IRL,1.046560049,1.042369962,1.020210028,1.023839951,1.030140042,1.038650036,1.042750001,1.023499966,1.023090005,1.027959943,1.03173995,1.035809994,1.030820012,1.027340055,1.033529997,1.027320027,1.020990014,1.022869945,1.025949955,1.023630023,1.013970017,1.010529995,,1.007410049,1.008460045,1.006909966,,
"Iran, Islamic Rep.",IRN,0.84206003,0.85165,0.864669979,0.874769986,0.886969984,,0.914929986,,0.930909991,0.939620018,0.944010019,0.947650015,0.947629988,0.962289989,0.96776998,0.972000003,1.000259995,0.986020029,0.983810008,0.98615998,0.985620022,0.983290017,1.008520007,1.026890039,1.034980059,1.045060039,1.029549956,
Iraq,IRQ,,,0.787880003,,,0.79053998,,,0.779699981,0.772249997,,,0.811879992,0.790530026,,,0.814090014,,,,,,,,,,,
Iceland,ISL,,,0.990580022,0.990270019,0.984860003,0.989639997,,1.006850004,1.017860055,1.02583003,1.024009943,1.022959948,1.02354002,1.001710057,0.99594003,1.00691998,1.029129982,1.01888001,1.017529964,1.011620045,1.004649997,0.997529984,1.018159986,1.014430046,1.003790021,1.001019955,,
Israel,ISR,1.040420055,1.025490046,1.02699995,1.018810034,,,,,0.990589976,0.995140016,0.99563998,0.991550028,0.987789989,0.999100029,0.999970019,1.002629995,1.006510019,1.011520028,1.012910008,1.013569951,1.012019992,1.012040019,1.010800004,1.009269953,1.008229971,1.012920022,1.012709975,
Italy,ITA,0.997430027,0.998290002,1.008839965,1.012590051,0.992460012,0.996089995,0.998210013,0.992879987,0.994090021,0.976800025,0.983829975,0.971809983,0.981350005,0.994310021,0.991710007,0.990509987,0.989260018,0.988669991,0.989199996,0.987450004,0.983579993,0.983799994,0.984740019,0.982990026,0.98299998,0.98822999,,
Jamaica,JAM,1.034479976,,1.009019971,,,,,,1.007359982,1.008999944,1.005030036,1.012639999,1.016759992,1.020760059,,,,,,,,,,,,,,
Jordan,JOR,1.015879989,1.038349986,1.040439963,1.037590027,,1.025949955,,,1.026880026,1.026610017,,1.021679997,1.022300005,1.018390059,,,,,,,,,,,,,,
Japan,JPN,1.011029959,1.011590004,1.014539957,1.011100054,1.010740042,,,,,,,,,,,,,,,,,,1.005669951,1.005470037,1.00462997,1.005259991,,
Kazakhstan,KAZ,,,1.055140018,,,,1.079820037,1.04479003,1.006440043,1.034989953,,,,,,0.996890008,,,,1.005190015,1.006229997,1.007840037,1.013059974,1.015619993,1.021180034,1.016260028,1.012300014,1.011929989
Kenya,KEN,,,,,,,,,0.966610014,0.975499988,0.967819989,0.950699985,0.971180022,0.940410018,0.958400011,0.960709989,0.952099979,0.959519982,0.955060005,,,,,,,,,
Kyrgyz Republic,KGZ,,1.029229999,,,,,,,1.012199998,1.014310002,0.995440006,0.997150004,1.002959967,1.002719998,0.995899975,0.995980024,0.996720016,,1.030040026,0.994419992,0.999059975,0.994579971,1.001109958,1.001649976,1.006440043,0.996159971,0.996959984,
Cambodia,KHM,,,,,,,,0.789420009,0.810949981,0.818300009,0.835860014,0.848779976,0.860019982,0.876290023,,0.899580002,0.903720021,0.914849997,,,,,,,,,,
Kiribati,KIR,1.022670031,1.022909999,,,1.05637002,1.058429956,,1.02918005,1.072149992,1.06427002,1.090149999,1.075940013,1.072870016,1.098999977,1.068869948,1.069169998,1.087170005,1.069489956,,,,,,,,,,
St. Kitts and Nevis,KNA,,,,,,,,,,,,,,,,,,,,,,,,,,,,
"Korea, Rep.",KOR,0.988009989,0.991840005,0.997690022,0.997399986,1.012199998,1.015329957,1.010439992,1.011669993,1.010120034,1.009860039,1.010480046,1.010139942,1.009920001,1.009490013,1.00751996,1.002329946,0.999800026,0.999409974,0.998570025,0.997669995,0.997340024,0.998950005,1.000710011,1.001970053,1.002760053,1.001549959,,
Kuwait,KWT,,0.994809985,1.007410049,1.019299984,1.043869972,1.022869945,1.016630054,1.013440013,1.00364995,1.019000053,1.038010001,,1.062280059,1.070860028,1.067819953,1.040030003,1.015079975,1.026669979,1.015580058,1.006119967,0.987269998,1.041749954,1.042880058,1.050529957,1.060940027,,,
Latin America & Caribbean (excluding high income),LAC,1.01880002,1.017879963,1.016469955,1.014590025,1.013380051,1.009130001,1.010800004,1.010660052,1.011080027,1.014870048,1.011459947,1.011739969,1.022040009,1.021049976,1.019819975,1.020220041,1.027750015,1.026600003,1.027950048,1.021630049,1.020429969,1.021270037,1.020499945,1.021929979,1.017500043,1.019189954,1.014050007,
Lao PDR,LAO,,0.77135998,0.762740016,0.763090014,0.777769983,0.781350017,0.787129998,0.797529995,0.81020999,0.811460018,0.816699982,0.819899976,0.825089991,0.832560003,0.835309982,0.844619989,0.853349984,0.865610003,0.878400028,0.890259981,0.901120007,0.912880003,0.922590017,0.934759974,0.943910003,0.945969999,0.950559974,
Lebanon,LBN,,1.047099948,,1.049289942,1.068179965,1.058959961,1.048499942,1.04685998,1.044360042,1.042840004,1.045699954,1.006610036,0.980419993,0.964810014,0.954439998,0.947139978,0.956849992,0.955709994,0.958909988,0.957729995,0.950269997,0.952509999,0.950749993,0.950380027,0.944850028,0.949890018,0.948230028,
Liberia,LBR,,,,,,,,,0.72536999,0.733810008,,,,,,,,,,,0.888909996,,,0.882470012,0.869710028,0.882089972,,
Libya,LBY,,,,,,,,,,,,1.03429997,1.018350005,,1.084669948,1.060099959,,,,,,,,,,,,
St. Lucia,LCA,1.029600024,1.044149995,1.067980051,,,,1.009019971,,1.034559965,1.064110041,1.042580009,1.06111002,1.034060001,0.952979982,1.029150009,1.005460024,1.012490034,,,,,,,,,,,
Latin America & Caribbean,LCN,1.018219948,1.017609954,1.016720057,1.015009999,1.01402998,1.010400057,1.012040019,1.011309981,1.012400031,1.015120029,1.012179971,1.012330055,1.021610022,1.020750046,1.019930005,1.020910025,1.027609944,1.027119994,1.028300047,1.022210002,1.021460056,1.021989942,1.020709991,1.022009969,1.017809987,1.018790007,1.014219999,
Least developed countries: UN classification,LDC,0.75424999,0.761089981,0.767449975,0.773100019,0.776839972,0.781830013,0.792379975,0.801150024,0.819859982,0.831359982,0.837849975,0.844309986,0.85096997,0.843050003,0.864610016,0.874119997,0.880490005,0.890359998,0.895449996,0.907199979,0.908969998,0.915030003,0.919629991,0.925320029,0.937380016,0.939239979,0.943639994,
Low income,LIC,0.744599998,0.747420013,0.750329971,0.750010014,0.748660028,0.746159971,0.752560019,0.754029989,0.769580007,0.777989984,0.784229994,0.790390015,0.800520003,0.798089981,0.822210014,0.835520029,0.84525001,0.856050014,0.866949975,0.87766999,0.887170017,0.893790007,0.900210023,0.903069973,0.912469983,0.915570021,0.917900026,
Liechtenstein,LIE,,,,,,,,,,,,,0.924030006,0.926190019,,0.935419977,0.924090028,0.906329989,0.921230018,0.88459003,0.892910004,0.912580013,,0.871039987,0.850310028,0.84750998,,
Sri Lanka,LKA,1.026600003,1.026710033,1.029289961,1.03670001,1.028640032,,,,,,,,,,,,,,,0.997189999,0.995500028,1.017930031,1.017210007,,,1.011600018,1.024850011,
Lower middle income,LMC,0.787020028,0.794629991,0.804350019,0.813539982,0.816789985,0.821340024,0.833660007,0.842630029,0.853429973,0.858550012,0.865689993,0.874769986,0.916599989,0.916170001,0.921370029,0.927990019,0.935329974,0.950039983,0.962490022,0.96679002,0.970459998,0.976970017,1.004999995,1.006940007,1.009379983,1.020539999,1.021669984,
Low & middle income,LMY,0.845939994,0.85273999,0.858460009,0.866949975,0.87221998,0.876860023,0.884410024,0.891560018,0.899290025,0.903140008,0.907010019,0.910539985,0.930939972,0.932399988,0.938269973,0.943040013,0.948230028,0.956449986,0.964630008,0.964320004,0.967369974,0.971939981,0.988780022,0.991330028,0.992110014,0.999159992,0.999490023,
Lesotho,LSO,1.282770038,1.264619946,1.244899988,1.225200057,,1.188789964,1.165400028,1.162889957,1.137949944,1.089319944,1.065449953,1.061100006,1.058269978,1.047930002,1.04787004,1.047350049,1.053879976,1.060009956,1.076760054,1.066619992,1.060070038,1.062759995,1.060009956,1.059800029,1.056509972,1.054909945,1.057639956,
Late-demographic dividend,LTE,0.925689995,0.934759974,0.937929988,0.949349999,0.956920028,0.962140024,0.964820027,0.970659971,0.97420001,0.978500009,0.980359972,0.97943002,0.981930017,0.988430023,0.99278003,0.995809972,0.999059975,1.001670003,1.006489992,0.995249987,0.997169971,1.001620054,1.006510019,1.010779977,1.006929994,1.008219957,1.007830024,
Lithuania,LTU,,,0.963919997,,1.017889977,1.011729956,1.005869985,0.998109996,0.996360004,0.992659986,0.990939975,0.982990026,0.978839993,0.991180003,0.993330002,0.993830025,0.995809972,0.997569978,0.996159971,0.984200001,0.977479994,0.971800029,0.966830015,0.969309986,0.970130026,0.968819976,,
Luxembourg,LUX,,,,,,,,,1.028699994,1.034809947,1.030930042,1.028130054,1.025679946,1.023720026,1.027590036,1.021460056,1.016389966,1.01789999,,1.020920038,1.026489973,1.021010041,1.017660022,1.015030026,1.021450043,1.016100049,,
Latvia,LVA,0.997699976,1.019860029,1.016849995,1.044659972,1.036299944,1.037129998,1.033810019,1.017230034,1.014490008,1.012210011,1.002609968,0.99259001,0.984839976,0.98615998,0.990249991,0.994560003,0.999939978,0.996469975,0.991609991,0.984120011,0.977479994,0.981029987,0.980440021,0.985790014,0.990239978,0.993120015,0.996100008,
"Macao SAR, China",MAC,,0.994279981,0.99612999,,,,,,0.998619974,0.997250021,1.002699971,0.977140009,0.959919989,0.937290013,0.931770027,0.942059994,0.945930004,0.959010005,0.973580003,0.972720027,0.970589995,0.977590024,0.979939997,0.981480002,0.984910011,0.991620004,0.995509982,
St. Martin (French part),MAF,,,,,,,,,,,,,,,,,,,,,,,,,,,,
Morocco,MAR,0.70085001,0.704819977,0.714720011,0.726840019,0.740369976,0.750850022,0.761910021,0.780300021,0.808049977,0.831629992,0.854229987,0.867999971,0.879719973,0.883809984,0.886500001,0.889829993,0.895089984,0.898370028,0.905219972,0.912580013,0.913779974,0.913049996,,,,,0.927450001,
Monaco,MCO,,,,,,,,,,,,,,,,,,,,,,,,,,,,
Moldova,MDA,1.053130031,1.053439975,1.059329987,1.056239963,1.020439982,,,,0.987309992,1.00996995,1.014790058,1.016720057,1.021329999,1.029569983,1.024500012,1.027070045,1.016829967,1.013870001,1.011379957,1.014610052,1.011489987,1.010329962,1.00849998,1.006530046,1.001209974,0.997619987,0.994570017,
Madagascar,MDG,,,,,,,,,,,,,,,0.956520021,0.958639979,0.963569999,0.963970006,0.968010008,,0.97112,0.976050019,,0.989859998,0.993749976,0.996739984,,
Maldives,MDV,,,,0.990390003,0.994390011,0.987730026,0.994000018,0.999260008,1.002990007,1.011340022,1.014430046,1.030449986,1.020179987,1.024500012,,,,,,,,,,,,,,
Middle East & North Africa,MEA,0.814939976,0.828570008,0.837970018,0.842639983,0.856670022,0.847239971,0.869490027,0.879410028,0.890380025,0.899389982,0.907429993,0.913020015,0.919369996,0.92513001,0.930339992,0.93453002,0.943610013,0.94234997,0.942279994,0.943090022,0.940919995,0.94611001,0.949670017,0.952669978,0.955869973,0.955259979,0.95480001,
Mexico,MEX,0.975390017,0.966319978,0.973879993,0.975459993,0.980549991,0.979210019,0.981169999,0.988499999,0.997560024,1.005740047,1.012959957,1.020709991,1.031020045,1.026900053,1.025580049,1.027430058,1.027950048,1.030249953,1.032680035,1.031960011,1.031110048,1.032060027,1.029629946,1.031710029,1.038239956,1.044029951,1.046049953,
Marshall Islands,MHL,,,,,,,,,1.019009948,,,0.97586,1.04223001,0.987190008,1.149449944,1.001889944,0.990170002,1.031820059,1.013290048,,,,,,1.038560033,1.04858005,,
Middle income,MIC,0.854529977,0.861660004,0.867680013,0.877080023,0.883239985,0.888670027,0.896879971,0.904980004,0.912240028,0.916149974,0.920480013,0.924610019,0.94690001,0.949429989,0.953779995,0.958150029,0.963349998,0.971970022,0.980350018,0.978779972,0.981230021,0.985840023,1.004670024,1.007580042,1.007130027,1.015100002,1.015319943,
North Macedonia,MKD,,,0.985599995,0.988690019,0.988780022,0.981859982,0.980790019,0.973770022,0.974900007,0.973039985,0.975319982,0.98052001,0.977190018,0.974139988,0.972299993,,0.966109991,0.962930024,0.966949999,0.976599991,,0.982789993,0.978860021,0.976740003,0.988179982,,,
Mali,MLI,0.585489988,0.572780013,0.597859979,0.610920012,0.646749973,0.638530016,0.633109987,0.665740013,0.678129971,0.703760028,,,0.712300003,0.734160006,0.745739996,0.758830011,0.778299987,0.782509983,0.790740013,0.807290018,0.818239987,,,0.839339972,0.864260018,0.838020027,0.868229985,
Malta,MLT,0.951200008,0.947229981,0.949859977,0.938399971,0.94946003,1.000759959,0.983739972,0.990819991,0.967159986,0.991479993,0.973839998,0.986590028,0.990379989,0.96201998,0.966880023,0.988129973,0.974049985,0.980849981,,0.937189996,1.006960034,1.015159965,1.021970034,1.033179998,1.048769951,1.040159941,,
Myanmar,MMR,0.941850007,0.945959985,0.9454,0.951300025,,,,,0.970510006,0.996190012,0.964100003,0.96754998,0.970570028,0.969150007,0.989329994,0.984969974,,,0.994329989,1.01098001,,,,0.991970003,,1.020110011,1.007410049,
Middle East & North Africa (excluding high income),MNA,0.811360002,0.825469971,0.834469974,0.838649988,0.853049994,0.841859996,0.865540028,0.875919998,0.887499988,0.896350026,0.903500021,0.909009993,0.915059984,0.919950008,0.924109995,0.929050028,0.939390004,0.938440025,0.939610004,0.941039979,0.939769983,0.944400012,0.949829996,0.95648998,0.958419979,0.959320009,0.958100021,
Montenegro,MNE,,,,,,,,,,,,,1.007050037,1.008900046,1.016829967,1.011839986,1.006639957,1.088320017,1.001459956,1.003720045,1.00327003,1.008909941,,,0.99425,0.988110006,0.991370022,
Mongolia,MNG,1.061640024,,1.151720047,1.19212997,1.195690036,1.177559972,1.165820003,1.15455997,1.124830008,1.116750002,1.113540053,1.104859948,1.080989957,1.063949943,1.061339974,1.054929972,,,1.032619953,1.024170041,,,,,,,,
Northern Mariana Islands,MNP,,,,,,,,,,,,,,,,,,,,,,,,,,,,
Mozambique,MOZ,0.708140016,0.712580025,0.701740026,0.687569976,0.68572998,,,,0.728550017,0.743110001,0.759840012,0.77846998,,0.818180025,0.82852,0.845000029,0.852240026,0.86293,0.879989982,0.886590004,0.897849977,0.903729975,0.908720016,0.914579988,0.915369987,,0.925830007,
Mauritania,MRT,0.697099984,0.729849994,0.764639974,0.788420022,0.797100008,0.808369994,0.850319982,0.90783,0.926190019,0.928110003,0.924170017,0.944369972,0.964730024,0.979569972,1.001189947,0.98822999,,1.012030005,1.006929994,1.008090019,1.010450006,1.002779961,1.020910025,1.020849943,1.020820022,1.039289951,1.030609965,
Mauritius,MUS,,,,,,1.01572001,,1.005169988,0.992630005,0.980929971,0.985459983,0.998619974,0.99496001,0.989539981,0.986919999,1.014170051,1.014780045,1.014899969,1.022969961,1.025820017,1.02760005,1.028409958,1.023069978,1.01928997,1.032019973,1.034250021,1.048069954,
Malawi,MWI,0.818790019,,0.885770023,0.917710006,0.879339993,0.879630029,,,0.89775002,0.917259991,0.922320008,0.922730029,,0.974960029,0.974940002,0.986660004,0.98439002,0.979889989,0.985790014,0.998440027,1.002009988,0.997169971,0.995580018,0.997150004,1.000609994,1.001080036,1.014709949,
Malaysia,MYS,1.016260028,1.023380041,1.025699973,1.031700015,1.033040047,,,1.03452003,1.025060058,1.037709951,1.036030054,1.040470004,1.055230021,1.054669976,1.043599963,1.039600015,1.037520051,1.039499998,1.038339972,1.037940025,1.043449998,1.028100014,1.032899976,1.039700031,1.039540052,1.033360004,1.029090047,
North America,NAC,0.998170018,0.993189991,0.989149988,0.991410017,1.000689983,0.993700027,1.010409951,1.027809978,1.023689985,1.000409961,1.00711,1.001060009,1.001729965,1.005859971,1.002060056,1.000180006,1.001530051,0.998629987,1.007809997,0.999779999,1.003239989,0.99563998,0.997870028,1.004539967,1.005280018,0.997250021,0.998539984,
Namibia,NAM,1.05934,1.05072999,1.04155004,1.033300042,1.025099993,1.024590015,1.02681005,1.027480006,1.023390055,1.021999955,1.024279952,1.022310019,1.01899004,1.022019982,1.020169973,1.02541995,1.021679997,,,,,,,,,,,
New Caledonia,NCL,,,,,,,,,,,,,,,,,,,,,,,,,,,,
Niger,NER,0.521669984,0.538640022,0.558070004,,,0.59819001,0.609399974,0.620379984,0.633490026,0.639769971,0.647199988,0.650539994,0.662660003,0.668250024,0.684930027,0.693650007,0.702189982,0.730849981,0.743409991,0.773220003,0.779950023,0.793730021,0.797619998,0.81032002,0.811640024,0.821389973,0.833100021,
Nigeria,NGA,,,,,,,,,0.823350012,0.815140009,0.827269971,0.811569989,,0.828040004,0.839649975,0.849080026,0.855589986,0.873019993,0.887929976,0.897159994,0.908079982,0.954299986,0.952499986,0.95678997,,0.930490017,,
Nicaragua,NIC,,,,,,,,1.078099966,1.067070007,1.068120003,1.067059994,1.053159952,,1.040089965,1.038339972,1.038149953,1.042150021,1.042449951,,1.035349965,,,,,,,,
Netherlands,NLD,0.970239997,0.970309973,0.986549973,0.954429984,0.963039994,0.960449994,0.968330026,0.970920026,0.96548003,0.967909992,0.973420024,0.975520015,0.981230021,0.979640007,0.978879988,0.980390012,0.981069982,0.983169973,0.986419976,0.991240025,0.993319988,0.990760028,,,1.00880003,1.009699941,,
Norway,NOR,1.017359972,1.007969975,0.988240004,0.985390007,0.972350001,0.972379982,0.98089999,1.002959967,1.010149956,1.012949944,1.011399984,1.011039972,1.009789944,1.014709949,1.006229997,1.001479983,0.994409978,0.990429997,0.989859998,0.993070006,0.994620025,0.994310021,0.983359993,0.982089996,0.98536998,0.98536998,0.977429986,
Nepal,NPL,0.580640018,0.610949993,0.626209974,0.651750028,0.669740021,0.692359984,,,0.723219991,0.74022001,0.772469997,0.788269997,0.814260006,,0.869499981,0.910090029,0.939469993,0.956369996,0.965139985,1.010619998,1.032279968,1.051210046,1.060140014,1.070680022,1.077849984,1.078420043,1.086089969,
Nauru,NRU,,,,,,,,,,1.24811995,1.025470018,1.016420007,1.014580011,1.053460002,1.065400004,1.055080056,1.085870028,1.119639993,,,,1.005069971,,0.96073997,,1.023409963,,
New Zealand,NZL,0.996760011,0.99109,0.997870028,1.011710048,0.989939988,1.026450038,1.023200035,1.030099988,1.027660012,1.033220053,,1.059980035,1.055220008,1.029870033,1.029739976,1.023100019,1.013440013,1.026540041,1.017840028,1.028470039,1.035940051,1.037999988,1.042000055,1.038120031,1.035899997,1.037819982,1.037590027,
OECD members,OED,0.986039996,0.985080004,0.984130025,0.983240008,0.986100018,0.985430002,0.989849985,0.994819999,0.994260013,0.990230024,0.992619991,0.990769982,0.992600024,0.995609999,0.996299982,0.995869994,0.996609986,0.997189999,0.999949992,0.997290015,0.998030007,0.997060001,1.000609994,1.002779961,1.003319979,1.005089998,1.005460024,
Oman,OMN,0.887740016,0.911029994,0.939719975,0.963029981,0.971840024,0.957310021,0.985430002,0.990490019,0.988520026,0.978550017,0.980970025,0.967899978,0.959959984,,0.975730002,0.993560016,0.992020011,0.984640002,0.957149982,,0.985620022,0.995720029,1.036620021,,1.013100028,0.987959981,1.001899958,
Other small states,OSS,0.982969999,0.986469984,0.982429981,0.978559971,0.971289992,0.971249998,0.966610014,0.963460028,0.961459994,0.961210012,0.962660015,0.961030006,0.964749992,0.962800026,0.964969993,0.973039985,0.977199972,0.983879983,0.985270023,0.983169973,0.978690028,0.98864001,0.992340028,0.992609978,0.991029978,0.990679979,0.994130015,
Pakistan,PAK,,,,,,,,,,,,,,,,0.783630013,0.804470003,0.81020999,0.829029977,0.820290029,0.815919995,0.815900028,0.812979996,0.828360021,0.831130028,0.838159978,0.844619989,
Panama,PAN,,,,,,,,,1.006780028,1.003569961,1.006119967,1.003389955,,1.005660057,1.003399968,1.008149981,1.004469991,1.004840016,1.006029963,1.000090003,1.008919954,,1.007940054,1.015020013,1.006860018,1.002220035,,
Peru,PER,0.959259987,,,,0.960259974,,,0.970719993,0.972379982,0.970160007,0.972880006,0.973670006,0.978559971,0.994889975,0.997240007,1.001909971,1.004089952,1.008059978,1.00327003,1.008209944,1.003340006,0.99022001,0.997179985,0.999149978,1.000419974,1.000609994,0.999660015,1.001000047
Philippines,PHL,,,,,,,,1.024039984,1.028789997,,1.030369997,1.026370049,1.024729967,1.025529981,1.030079961,1.027840018,1.023419976,1.021440029,1.018260002,,,,,1.017130017,1.008829951,1.009989977,,
Palau,PLW,,,,,,,,,,,,,,0.997240007,,,,,,,,,1.002679944,1.006080031,,,,
Papua New Guinea,PNG,0.820169985,0.820890009,0.83555001,0.833959997,0.844910026,,,0.836759984,,,,,,,,,,,,,,0.851149976,,,,0.856809974,,
Poland,POL,1.006960034,1.003669977,0.993219972,0.993520021,0.998179972,0.997489989,0.990079999,0.989950001,0.988330007,0.985620022,0.983650029,0.980719984,0.975679994,1.004480004,0.994120002,0.99022001,0.991530001,0.993650019,0.994430006,0.993709981,0.994710028,0.996479988,0.982460022,0.98198998,0.98676002,0.990909994,,
Pre-demographic dividend,PRE,0.778659999,0.779990017,0.779410005,0.783680022,0.786279976,0.790369987,0.793950021,0.792309999,0.800599992,0.803470016,0.80716002,0.804009974,0.817380011,0.809740007,0.82652998,0.83397001,0.838569999,0.847890019,0.85631001,0.863269985,0.865270019,0.881060004,0.889389992,0.893490016,0.903289974,0.901679993,0.904129982,
Puerto Rico,PRI,,,,,,,,,,,,,,,,,,,1.030889988,1.044129968,1.038149953,1.060420036,1.040560007,1.039129972,1.042289972,1.047700047,,
"Korea, Dem. People’s Rep.",PRK,,,,,,,,,,,,,,,,,,,,,,,,,1.007740021,,,
Portugal,PRT,1.027619958,,1.040789962,1.016780019,1.015380025,1.021219969,,1.016899943,1.018599987,1.010969996,1.019690037,1.005399942,1.017549992,1.019619942,1.019250035,1.013360023,1.005110025,0.997749984,1.003069997,0.998440027,0.994719982,0.985279977,0.975889981,0.968180001,0.96687001,0.970009983,,
Paraguay,PRY,0.981280029,,0.983969986,0.983080029,0.991869986,0.990469992,0.992630005,0.989660025,0.985029995,0.984539986,0.982749999,0.981090009,0.982569993,0.986720026,0.990949988,0.994229972,0.99466002,0.997739971,0.999729991,0.998030007,1.001610041,1.009320021,,,,,,
West Bank and Gaza,PSE,,,,,0.97359997,0.981570005,0.995180011,,1.012120008,1.022809982,1.036689997,1.030670047,1.028270006,1.026260018,1.025640011,1.036900043,1.039630055,1.042960048,1.042060018,1.042760015,1.059679985,1.052109957,1.060889959,1.056980014,1.059569955,1.061380029,1.057510018,
Pacific island small states,PSS,0.975579977,0.980009973,0.980989993,0.985549986,0.98921001,0.989639997,0.990170002,0.998749971,1.006119967,1.009549975,1.005049944,1.006760001,1.002930045,0.999679983,1.005959988,1.004909992,0.997250021,1.002820015,1.010740042,1.009089947,1.01196003,1.022189975,1.024999976,,,,,
Post-demographic dividend,PST,1.005920053,1.006070018,1.004040003,1.001549959,1.004780054,1.003209949,1.008470058,1.014109969,1.012799978,1.003970027,1.006340027,1.003379941,1.003669977,1.003329992,0.999530017,0.999779999,0.999859989,0.997799993,0.999289989,0.995549977,0.996469975,0.993610024,0.998049974,1.000239968,0.999899983,1.001000047,1.001150012,
French Polynesia,PYF,1.048740029,1.06001997,1.096349955,,,,,,,,,,,,,,,,,,,,,,,,,
Qatar,QAT,1.039280057,1.038570046,1.034839988,1.001819968,0.986410022,0.992609978,,0.981230021,1.026309967,1.034019947,1.063940048,1.003589988,0.957989991,0.921130002,0.95381999,1.03689003,1.11492002,1.124950051,1.090039968,1.024340034,0.956770003,1.178599954,1.244650006,1.182909966,1.118929982,1.069409966,1.10157001,
Romania,ROU,0.996590018,1.003299952,0.99770999,1.015669942,1.017249942,1.011610031,1.001029968,1.008370042,1.010609984,1.011350036,1.010100007,1.011000037,1.01098001,1.009060025,1.008479953,1.004109979,0.997370005,0.992959976,0.994480014,0.989589989,0.985650003,0.985310018,,,0.99040997,0.990390003,,
Russian Federation,RUS,,,,1.015079975,,,,,,,,,0.999310017,,0.993110001,0.991209984,0.988070011,0.985140026,0.990779996,,0.991919994,0.991630018,0.993070006,0.990239978,0.99040997,0.993070006,,
Rwanda,RWA,0.958239973,0.947600007,,,,,,,0.958389997,0.941839993,0.964959979,0.976620018,0.979300022,0.997189999,1.00583005,1.022009969,1.003409982,1.001929998,1.003479958,1.010650039,1.023180008,1.026360035,1.030689955,1.036170006,1.024979949,1.013929963,1.013059974,
South Asia,SAS,0.693189979,0.703390002,0.723519981,0.736280024,0.740530014,0.749499977,0.762849987,0.77561003,0.787810028,0.795159996,0.804620028,0.822820008,0.891889989,0.886449993,0.90101999,0.909080029,0.920769989,0.941600025,0.960699975,0.963159978,0.973500013,0.97815001,1.027889967,1.028869987,1.030990005,1.050500035,1.053349972,
Saudi Arabia,SAU,,,,,,,,,,,,,,,0.964349985,,,,0.93118,,,,0.898620009,0.870920002,,,,
Sudan,SDN,,,,,,,,,,,0.836049974,0.875760019,0.874310017,0.875850022,0.892350018,0.889490008,0.860469997,0.877550006,0.8847,0.889100015,0.894909978,0.897759974,0.912930012,0.920920014,0.937820017,0.949599981,0.965910017,
Senegal,SEN,,0.697340012,,,,0.75553,0.772499979,0.793839991,0.786329985,0.820729971,0.838140011,0.851629972,,0.895280004,0.909969985,0.926389992,,0.955340028,,0.996010005,1.049379945,1.050480008,1.062250018,1.073549986,,,1.134189963,
Singapore,SGP,,,,,,,,,,,,,,,,,,,,,,,,,,0.995180011,,
Solomon Islands,SLB,0.816980004,0.816820025,0.818970025,0.837870002,,,,,0.882679999,0.88985002,,0.900709987,,,0.916970015,0.921169996,0.92031002,,,0.942200005,0.957750022,0.972720027,,,,,,
Sierra Leone,SLE,0.658490002,,,,,,,,,,0.701489985,,,,,,,,,,0.886179984,0.943099976,0.95539999,,0.968200028,0.97845,0.995519996,
El Salvador,SLV,1.006229997,1.000049949,0.995000005,,,,,0.95806998,0.948140025,0.949959993,0.957910001,0.951080024,0.966589987,0.970210016,0.97250998,0.976859987,1.001009941,0.975769997,0.97262001,0.966139972,0.962840021,0.96341002,0.970420003,0.97706002,0.978420019,0.97608,0.976429999,
San Marino,SMR,,,,,,,,,,,,,,,,,,,1.026460052,1.063959956,1.003110051,1.01075995,,,,,,
Somalia,SOM,,,,,,,,,,,,,,,,,,,,,,,,,,,,
Serbia,SRB,,,,,,,,,1.003900051,1.010769963,1.011199951,1.016450047,1.023820043,1.021000028,1.021610022,1.024389982,1.018980026,1.017519951,1.014330029,1.011819959,1.016790032,1.019150019,1.018419981,1.016160011,1.008820057,1.008100033,1.005480051,
Sub-Saharan Africa (excluding high income),SSA,0.82081002,0.827059984,0.827939987,0.829670012,0.829670012,0.833769977,0.834309995,0.832239985,0.839250028,0.83938998,0.843429983,0.838209987,0.845350027,0.850220025,0.858730018,0.867429972,0.872399986,0.881789982,0.890160024,0.896579981,0.896790028,0.911490023,0.919550002,0.924459994,0.92997998,0.931490004,0.933939993,
South Sudan,SSD,,,,,,,,,,,,,,,,,,,,,0.647279978,,,,0.685739994,,,
Sub-Saharan Africa,SSF,0.820850015,0.827090025,0.827970028,0.829699993,0.829699993,0.833800018,0.834339976,0.832260013,0.839280009,0.839420021,0.843460023,0.838230014,0.845369995,0.850239992,0.858749986,0.867449999,0.872420013,0.881810009,0.890179992,0.896600008,0.896799982,0.911499977,0.919550002,0.924470007,0.929989994,0.931500018,0.933939993,
Small states,SST,0.991900027,0.992950022,0.988940001,0.987339973,0.982569993,0.983640015,0.980579972,0.977110028,0.975899994,0.975750029,0.975769997,0.976610005,0.978280008,0.976209998,0.978730023,0.984910011,0.987380028,0.992429972,0.992280006,0.992900014,0.990239978,0.998749971,1.000270009,1.000769973,1.001590014,0.998239994,1.001009941,
Sao Tome and Principe,STP,,,,,,,,,,,,,0.989690006,0.976440012,0.980539978,,1.004529953,0.992240012,1.025290012,0.996710002,1.009170055,1.011319995,1.013399959,1.006299973,1.011399984,1.019500017,1.03489995,
Suriname,SUR,1.074579954,1.06377995,1.028499961,,,,,,,,1.066519976,1.133679986,,,1.112210035,1.126569986,1.12330997,1.110620022,1.087260008,1.101160049,1.128690004,1.128790021,1.141589999,1.151340008,1.130599976,,,
Slovak Republic,SVK,,,1.022889972,1.023059964,1.031820059,1.021900058,1.01978004,1.010990024,1.010249972,1.008380055,1.006719947,1.005470037,1.001749992,1.00601995,1.003810048,1.003749967,1.004580021,1.005669951,1.007410049,1.00564003,1.002979994,1.001230001,1.007609963,1.005159974,1.004770041,1.003399968,,
Slovenia,SVN,,,1.021229982,1.018720031,1.018000007,1.01849997,1.016890049,1.017850041,1.015759945,1.029219985,1.011209965,0.998260021,0.991270006,0.99454999,0.990379989,0.992460012,0.989180028,0.990920007,0.993309975,0.989849985,0.990589976,0.995360017,0.999430001,0.999189973,1.003260016,1.011360049,,
Sweden,SWE,1.024009943,1.023020029,1.081310034,1.078390002,1.087769985,1.099069953,1.108839989,1.150640011,1.152240038,1.15218997,1.147439957,1.124519944,1.107839942,1.013599992,0.996159971,0.996320009,0.994740009,0.994109988,0.993439972,0.991940022,0.992640018,0.992280006,1.098160028,1.096179962,1.090989947,1.071380019,,
Eswatini,SWZ,,,,,,,,0.96243,0.96122998,0.955089986,0.964049995,0.95152998,0.963750005,0.94562,0.952300012,0.950339973,0.920319974,,0.93809998,0.93305999,0.911939979,0.924530029,0.928319991,0.933619976,0.935469985,0.936940014,,
Sint Maarten (Dutch part),SXM,,,,,,,,,,,,,,,,,,,,,,,,,,,,
Seychelles,SYC,0.996559978,0.999459982,1.006440043,1.021690011,1.008110046,1.020429969,,1.009379983,1.047799945,1.058330059,1.038689971,1.032840014,1.028210044,1.044149995,1.025060058,1.035820007,1.066069961,1.086259961,1.075569987,1.05013001,1.055840015,1.014979959,1.038709998,1.005429983,1.017040014,1.026460052,1.038699985,
Syrian Arab Republic,SYR,0.855440021,0.865540028,0.881280005,0.884790003,0.891149998,0.901520014,0.910109997,0.917980015,0.917630017,0.923020005,0.925450027,0.931299984,0.947019994,0.955160022,0.964209974,0.97220999,0.98247999,0.986519992,0.988089979,0.98514998,0.984329998,0.986060023,0.986660004,,,,,
Turks and Caicos Islands,TCA,,,,,,,,,,,,,,,,,,,,,,,,,,,,
Chad,TCD,,,,0.447320014,0.448390007,0.458090007,0.487560004,0.510479987,0.538100004,0.563369989,0.582050025,0.595770001,0.60255003,0.600380003,0.61401999,0.617399991,0.645690024,0.640100002,0.640399992,0.662090003,0.68197,0.697250009,0.700619996,0.699819982,0.704840004,0.705560029,,
East Asia & Pacific (IDA & IBRD countries),TEA,0.891470015,0.902629972,0.905059993,0.921079993,0.928369999,0.936020017,0.942380011,0.94927001,0.958700001,0.963970006,0.968060017,0.967739999,0.969910026,0.977930009,0.982749999,0.987389982,0.989359975,0.993659973,0.997510016,0.99447,0.997460008,0.998929977,0.999539971,1.002689958,1.001379967,1.004299998,1.003929973,
Europe & Central Asia (IDA & IBRD countries),TEC,0.973879993,0.974730015,0.973649979,0.974950016,0.973940015,0.974170029,0.974259973,0.969990015,0.966629982,0.967989981,0.963389993,0.961809993,0.958540022,0.964299977,0.96566999,0.969410002,0.971080005,0.975030005,0.980620027,0.979960024,0.979489982,0.984030008,0.985909998,0.98724997,0.988259971,0.989340007,0.990400016,
Togo,TGO,0.587140024,0.594169974,,0.597899973,0.612230003,0.620119989,0.635999978,,0.672290027,0.693210006,0.702409983,0.715749979,0.723609984,0.737269998,0.745989978,0.758019984,0.756569982,,,,,,,,,,0.874710023,
Thailand,THA,0.972239971,0.974059999,0.97469002,,,,,,,,0.976530015,0.985090017,,1.012910008,1.002910018,1.015930057,1.023920059,1.023959994,1.029379964,1.026839972,1.028759956,1.026919961,1.036430001,1.037009954,0.952939987,0.998839974,0.977119982,
Tajikistan,TJK,,,,,,,,,0.896759987,0.887979984,0.87124002,0.875699997,0.879830003,0.885010004,0.884599984,0.880249977,0.892210007,0.91267997,0.921809971,0.91267997,0.915489972,0.928489983,0.929099977,,,,,
Turkmenistan,TKM,,,,,,,,,,,,,,,,,,,,,,,,0.966620028,,,,
Latin America & the Caribbean (IDA & IBRD countries),TLA,1.017580032,1.016839981,1.016199946,1.014680028,1.013689995,1.010609984,1.011940002,1.011399984,1.012650013,1.015509963,1.012410045,1.012899995,1.022439957,1.021270037,1.020359993,1.02125001,1.028159976,1.027609944,1.028730035,1.02244997,1.021679997,1.022009969,1.020849943,1.022330046,1.018000007,1.018919945,1.014369965,
Timor-Leste,TLS,,,,,,,,,,,,,,0.927079976,0.930480003,,,0.953119993,0.955169976,0.97171998,0.977199972,0.981350005,0.992600024,1.014719963,1.014189959,1.01394999,1.015630007,
Middle East & North Africa (IDA & IBRD countries),TMN,0.809880018,0.824069977,0.833140016,0.837369978,0.851849973,0.840420008,0.86413002,0.874480009,0.886030018,0.89477998,0.901799977,0.907400012,0.913500011,0.918429971,0.922640026,0.927460015,0.937860012,0.936839998,0.938019991,0.93945998,0.937960029,0.942780018,0.948140025,0.954940021,0.956860006,0.957750022,0.956550002,
Tonga,TON,1.00849998,,0.995109975,,,,,1.045889974,1.03587997,1.021319985,1.019739985,1.020040035,,,,0.981069982,0.844030023,0.991110027,1.113610029,1.020339966,0.977140009,1.015390038,1.016729951,1.035969973,1.012459993,,,
South Asia (IDA & IBRD),TSA,0.693189979,0.703390002,0.723519981,0.736280024,0.740530014,0.749499977,0.762849987,0.77561003,0.787810028,0.795159996,0.804620028,0.822820008,0.891889989,0.886449993,0.90101999,0.909080029,0.920769989,0.941600025,0.960699975,0.963159978,0.973500013,0.97815001,1.027889967,1.028869987,1.030990005,1.050500035,1.053349972,
Sub-Saharan Africa (IDA & IBRD countries),TSS,0.820850015,0.827090025,0.827970028,0.829699993,0.829699993,0.833800018,0.834339976,0.832260013,0.839280009,0.839420021,0.843460023,0.838230014,0.845369995,0.850239992,0.858749986,0.867449999,0.872420013,0.881810009,0.890179992,0.896600008,0.896799982,0.911499977,0.919550002,0.924470007,0.929989994,0.931500018,0.933939993,
Trinidad and Tobago,TTO,1.013960004,1.009160042,1.011849999,,,,,,,,,,,1.01067996,,,,,,,,,,,,,,
Tunisia,TUN,0.854399979,0.870850027,0.885249972,0.902620018,0.914179981,0.927160025,0.937020004,,0.962080002,0.980830014,0.985010028,0.983539999,1.002699971,,1.02049005,1.022770047,,1.019240022,1.020329952,1.018900037,1.008929968,,,,,1.037889957,,
Turkey,TUR,0.78500998,0.789849997,0.791509986,0.802479982,0.796209991,,0.804830015,,0.797439992,0.818560004,0.818979979,0.819890022,0.8222,0.853429973,0.889789999,0.897780001,0.907289982,0.926900029,0.944130003,0.947889984,0.949890018,0.964749992,0.97687,0.980459988,0.980139971,0.981649995,,
Tuvalu,TUV,,,,,,,,,,,1.128790021,,,,,,,,,,,,,1.093080044,1.114949942,1.091009974,,
Tanzania,TZA,0.965960026,0.957530022,0.960389972,0.968140006,0.971059978,0.976090014,0.978730023,,,,,,,,,,,,,0.958329976,,,0.996410012,,,,1.01620996,
Uganda,UGA,,0.765590012,,0.89793998,,,0.864279985,,,,,,,0.965759993,,,0.978799999,,,,,,,,,,,
Ukraine,UKR,,,1.039379954,1.040470004,,,,,1.025030017,1.007959962,0.996039987,1.005290031,1.000270009,0.991609991,0.948279977,0.989390016,0.997430027,0.988520026,0.986440003,0.985710025,0.98496002,0.990939975,0.986410022,0.994140029,,,,
Upper middle income,UMC,0.92098999,0.929050028,0.932709992,0.943419993,0.951200008,0.956770003,0.960969985,0.966729999,0.970679998,0.974810004,0.977090001,0.977039993,0.980059981,0.986500025,0.992060006,0.994809985,0.99879998,1.000509977,1.004349947,0.995660007,0.996999979,0.999450028,1.005519986,1.009840012,1.005210042,1.008360028,1.007269979,
Uruguay,URY,,,,1.068950057,1.074599981,,,1.12045002,1.062849998,1.050780058,1.049460053,1.044909954,1.055819988,1.055609941,1.054309964,1.056380033,0.97894001,1.038779974,1.038010001,1.062729955,,,,,,,,
United States,USA,0.99861002,,0.989059985,0.991559982,1.00146997,0.993700027,,1.031200051,,0.999350011,1.007310033,1.001250029,1.002550006,1.007660031,1.003849983,1.001629949,1.003090024,0.999849975,1.009789944,1.000800014,1.004340053,0.994899988,0.997099996,1.004230022,1.005079985,0.996259987,,
Uzbekistan,UZB,,,,,,,,,0.991590023,0.982980013,,,0.981289983,0.974900007,0.979789972,0.984019995,0.990320027,0.994459987,0.999339998,0.995180011,0.988789976,0.989769995,0.988319993,0.987190008,0.986999989,0.986429989,0.985920012,
St. Vincent and the Grenadines,VCT,1.065490007,,,,,,,,,1.062759995,1.022410035,1.010249972,1.00999999,1.000139952,1.015599966,,1.019019961,1.000010014,0.978980005,0.97070998,0.952979982,0.962149978,0.951770008,0.969990015,0.974049985,0.980350018,0.970560014,
"Venezuela, RB",VEN,1.051859975,1.046499968,1.047289968,,,,,,1.051139951,1.046560049,1.041429996,1.038439989,1.036039948,1.033740044,1.032950044,1.030380011,1.025670052,1.021649957,1.018429995,1.018429995,1.019389987,1.022660017,1.026819944,1.018380046,1.014950037,1.015450001,1.015890002,
British Virgin Islands,VGB,,,,,,,,,,,,,,,,,,,,,,,,,,,,
Virgin Islands (U.S.),VIR,0.926039994,,0.916980028,,,,,,,,,,,,,,,,,,,,,,,,,
Vietnam,VNM,,,,,,,,0.92723,,,,,,,,,,,,,,,,,,,,
Vanuatu,VUT,0.930440009,,,,,,,,0.952809989,1.007240057,0.966030002,0.977859974,0.951520026,0.947929978,,,,,,0.984220028,,,,,1.007310033,,,
World,WLD,0.872489989,0.87786001,0.882099986,0.888689995,0.893249989,0.896719992,0.903339982,0.909839988,0.916289985,0.918240011,0.921949983,0.92434001,0.941680014,0.942960024,0.947820008,0.951669991,0.956030011,0.962859988,0.969990015,0.96912998,0.971750021,0.975329995,0.990270019,0.992529988,0.993239999,0.999329984,0.999660015,
Samoa,WSM,,,,1.112239957,1.071580052,1.054080009,1.073690057,1.091599941,1.049990058,1.068789959,1.06637001,1.056409955,1.06072998,1.060449958,1.058269978,1.065919995,1.071099997,,1.051509976,1.054829955,1.064239979,1.049649954,,1.057530046,1.04824996,1.05140996,,
Kosovo,XKX,,,,,,,,,,,,,,,,,,,,,,,,,,,,
"Yemen, Rep.",YEM,,,,,,,,,0.492150009,,0.547609985,,0.601300001,0.622399986,0.652960002,,,0.72349,,0.750460029,0.754679978,0.769219995,0.789219975,,,0.822149992,,
South Africa,ZAF,1.038830042,,,1.021039963,,,,1.027209997,1.023259997,1.004709959,1.011919975,1.007470012,1.003859997,1.003640056,1.002509952,1.001430035,1.000669956,0.997560024,0.998880029,0.998359978,0.995800018,0.995609999,,1.012609959,0.951690018,1.013659954,,
Zambia,ZMB,,,,,,,,,,,,,,,,,,,,,,,,,,,,
Zimbabwe,ZWE,0.921589971,0.938369989,,,0.941100001,0.944570005,,,0.948469996,0.947099984,0.95036,0.953549981,0.962870002,,,,,,,,,0.981429994,0.982420027,,,,,